10001,通关奖励,CourtesyDressPanel/bg/title
10002,领取,CourtesyDressPanel/item/getRewardBtn/Text
10003,前往,CourtesyDressPanel/item/nextDayOpenBtn/Text
10004,已领取,CourtesyDressPanel/item/getFinishText/getFinishText
10005,开服福利,OpenSeverWelfarePanel/BG/Text
10006,需要领取上一奖励,OpenSeverWelfarePanel/rewardPre/needGetUpText
10007,自由沟通,AdjutantAutoChatShowPanel/BG/Text
10008,返回,AdjutantFuncPopup/backBtn/Text
10009,通灵,AdjutantFuncPopup/connectPart/BG/Text
10010,加成属性,AdjutantFuncPopup/connectPart/title
10011,等级,AdjutantFuncPopup/connectPart/title
10012,沟通,AdjutantFuncPopup/connectPart/connect/connectBtn/Text
10013,一键沟通,AdjutantFuncPopup/connectPart/connect/connectAllBtn/Text
10014,通灵已升至最高等级,AdjutantFuncPopup/connectPart/MaxPic/Text
10015,技能,AdjutantFuncPopup/skillPart/BG/Text
10016,升级,AdjutantFuncPopup/skillPart/SkillDown/upLvBtn/Text
10017,技能已升至最高等级,AdjutantFuncPopup/skillPart/MaxPic
10018,供奉,AdjutantFuncPopup/giftPart/BG/Text
10019,供奉已升至最高等级,AdjutantFuncPopup/giftPart/MaxPic
10020,同步,AdjutantFuncPopup/trainPart/BG/Text
10021,已升至最高等级,AdjutantFuncPopup/trainPart/MaxPic
10022,编号：,AdjutantPanel/Info/info/id
10023,精力,AdjutantPanel/down/Text
10024,列表,AdjutantPanel/down/listBtn/Text
10025,总览,AdjutantPanel/down/overviewBtn/Text
10026,全英雄提升基础属性,AdjutantPanel/Overview/BG/Text
10027,全英雄提升特训属性,AdjutantPanel/Overview/BG/Text
10028,更换先驱,AdjutantSelectPanel/Bg/Title
10029,先驱商城,AdjutantActivityPanel/pageContent/page_1/adjutantShop/Text
10030,印记商城,AdjutantActivityPanel/pageContent/page_1/shop/Text
10031,解锁道具,AdjutantActivityPanel/pageContent/page_3/Grid/item/Text
10032,召唤1次,AdjutantActivityPanel/pageContent/page_3/btn1/Text
10033,召唤5次,AdjutantActivityPanel/pageContent/page_3/btn3/Text
10034,今日钻石召唤次数：,AdjutantActivityPanel/pageContent/page_3/limit
10035,训练收益,AdventureExploreRewardPanel/Bg/title
10036,点击空白处继续,AdventureExploreRewardPanel/Bg/Text
10037,VIP可获得额外收益加成，另外离线也能获得收益。,AdventureExploreRewardPanel/Bg/Text
10038,重工厂升级,AircraftCarrierDesignFactoryUpPopup/BG/Text
10039,5星英雄,AircraftCarrierDesignFactoryUpPopup/upStarPre/Name
10040,升级消耗：,AircraftCarrierDesignFactoryUpPopup/curDes (1)
10041,升 级,AircraftCarrierDesignFactoryUpPopup/btnLvUp/Text
10042,取 消,AircraftCarrierDesignFactoryUpPopup/btnCancel/Text
10043,航母解锁,AircraftCarrierDesignMainPanel/SubCV/frame/TitleBG/TitleText
10044,航母等级：,AircraftCarrierDesignMainPanel/SubCV/downPart/Text
10045,航母阶级：,AircraftCarrierDesignMainPanel/SubCV/downPart/Text (1)
10046,技能：,AircraftCarrierDesignMainPanel/SubCV/downPart/Skill/Text (2)
10047,无,AircraftCarrierDesignMainPanel/SubCV/downPart/Skill/Plane1/None
10048,替换,AircraftCarrierDesignMainPanel/SubCV/downPart/Skill/replaceBtn/Text
10049,升级：,AircraftCarrierDesignMainPanel/SubCV/downPart/LvUp/Text (2)
10050,战机图谱,AircraftCarrierDesignMainPanel/SubPlane/frame/bg/planeAtlasBtn/Text
10051,战机设计,AircraftCarrierDesignMainPanel/SubPlane/frame/bg/TabBox/tab/Text
10052,重工厂特权已激活，特权重工厂可用剩余5天24小时,AircraftCarrierDesignMainPanel/SubPlane/frame/bg/Text
10053,重工厂等级：,AircraftCarrierDesignMainPanel/SubPlane/downPart/Text
10054,制造速度：,AircraftCarrierDesignMainPanel/SubPlane/downPart/Text (1)
10055,加 速,AircraftCarrierDesignMainPanel/SubPlane/downPart/Speed/SpeedBtn/Text
10056,自动购买,AircraftCarrierDesignMainPanel/SubPlane/downPart/Speed/Toggle/Label
10057,升级重工厂,AircraftCarrierDesignMainPanel/SubPlane/downPart/NoSelect/FactoryLvUp/Text
10058,加入战机原型进行研发,AircraftCarrierDesignMainPanel/SubPlane/downPart/NoSelect/Text
10059,升级基地,AircraftCarrierDesignMainPanel/SubPlane/downPart/Designing/FactoryLvUp/Text
10060,加速研发,AircraftCarrierDesignMainPanel/SubPlane/downPart/Designing/SpeedDesignBtn/Text
10061,选中升级消耗材料,AircraftCarrierMeterialSelectPopup/BG/Text
10062,本体,AircraftCarrierMeterialSelectPopup/item/noumenon/Text
10063,选择,AircraftCarrierMeterialSelectPopup/btnSelect/Text
10064,已选择：,AircraftCarrierMeterialSelectPopup/numText (1)
10065,100%返还英雄升级。进阶消耗的英雄碎片。经验。货币,AircraftCarrierMeterialSelectPopup/numText (2)
10066,前往查看,AircraftCarrierPlaneDesignSucPopup/btnGo/Text
10067,关闭,AircraftCarrierPlaneDesignSucPopup/btnBack/Text
10068,战机选择,AircraftCarrierPlaneSelectPopup/BG/Text
10069,选 择,AircraftCarrierPlaneSelectPopup/BG/Down/btnSelect/Text
10070,类型：,AircraftCarrierPlaneSelectPopup/BG/Down/Have/skill/Text (1)
10071,主动技能,AircraftCarrierPlaneSelectPopup/BG/Down/Have/skill/Text (2)
10072,请选择飞机,AircraftCarrierPlaneSelectPopup/BG/Down/NoHave/Text
10073,重复选中可取消、卸下战机、长按飞机可查看详情,AircraftCarrierPlaneSelectPopup/BG/Text
10074,基础属性：,AircraftCarrierPlaneTipsPopup/Bg/mainPro/line/Text
10075,AI升级,AircraftCarrierPlaneUpLvPopup/BG/Text
10076,更 换,AircraftCarrierPlaneUpLvPopup/LvUp/replaceBtn/Text
10077,前往激活,AircraftCarrierPrivilegeActivatePopup/btnActivate/Text
10078,解锁特权设计，同时研发,AircraftCarrierPrivilegeActivatePopup/TitleBG/TitleText
10079,稀有AI原型，研发出超强AI,AircraftCarrierPrivilegeActivatePopup/TitleBG (1)/TitleText
10080,选择蓝图,AircraftCarrierPrototypeSelectPopup/BG/Text
10081,开始研发,AircraftCarrierPrototypeSelectPopup/BG/btnDesign/Text
10082,添加,AircraftCarrierPrototypeSelectPopup/BG/btnGet/Text
10083,调整技能顺序,AircraftCarrierSkillSequencePopup/BG/Text
10084,保 存,AircraftCarrierSkillSequencePopup/BG/Image/btnSave/Text
10085,战舰解锁,AircraftCarrierUnlockPanel/frame/TitleBG/TitleText
10086,解锁效果:,AircraftCarrierUnlockPanel/frame/Effect/TxtTitle
10087,解锁后，玩家可以获取战舰，战舰可以装载智能AI参与战斗，战舰每回合优先出手，极大加强队伍的战斗能力,AircraftCarrierUnlockPanel/frame/Effect/TxtTitle (1)
10088,当前进度,AircraftCarrierUnlockPanel/activatePart/progressBar/Text
10089,迷雾之战,AlameinWarPanel/Root/Title
10090,图谱,AlameinWarPanel/Root/Bottom/Btn_Atlas/Text
10091,商城,AlameinWarPanel/Root/Bottom/Btn_Shop/Text
10092,文明遗迹,AlameinWarPanel/Root/Bottom/Btn_Ruins/Text
10093,排行榜,AlameinWarPanel/Root/Bottom/Btn_Rank/Text
10094,挑战次数：,AlameinWarPanel/Root/Bottom/Times/Text
10095,剩余购买次数：,AlameinWarPanel/Root/Bottom/Times/Text
10096,章节,AlameinWarPanel/Root/ChapterPre/Chapter/Text
10097,目标奖励,AlameinWarRewardPopup/bg/Title
10098,奖励,AlameinWarStagePanel/Root/Challenge/Image/Text
10099,推荐战力,AlameinWarStagePanel/Root/Challenge/Power
10100,刷新列表,ArenaMainPanel/content/ArenaMainPanel_ArenaView/refresh/Text
10101,防守阵容,ArenaMainPanel/content/ArenaMainPanel_ArenaView/formationBtn/Text
10102,防守编队,ArenaMainPanel/content/ArenaMainPanel_ArenaView/defendbox/orggroup/Text
10103,我的战力,ArenaMainPanel/content/ArenaMainPanel_ArenaView/defendbox/FormationPower
10104,积分,ArenaMainPanel/content/ArenaMainPanel_ArenaView/challengebox/enemy_1/integralTip
10105,战力,ArenaMainPanel/content/ArenaMainPanel_ArenaView/challengebox/enemy_1/powerTip
10106,等级\n,ArenaMainPanel/content/ArenaMainPanel_ArenaView/challengebox/enemy_1/levelTip
10107,本周挑战次数,ArenaMainPanel/content/ArenaMainPanel_ArenaView/finalTargetShow/Text
10108,挑战奖励,ArenaMainPanel/content/ArenaMainPanel_ArenaView/finalTargetShow/Image_Reward/Image/Text
10109,排名!,ArenaMainPanel/content/ArenaMainPanel_ArenaView/MyRank/Text
10110,积分!,ArenaMainPanel/content/ArenaMainPanel_ArenaView/MyRank/Text
10111,剩余时间：,ArenaMainPanel/content/ArenaMainPanel_ArenaView/finalTarget/timelab
10112,跳过战斗,ArenaMainPanel/content/ArenaMainPanel_ArenaView/btnJump/Text
10113,征战进度,ArenaMainPanel/content/ArenaMainPanel_RankingSingleList/bg/name
10114,排名,ArenaMainPanel/content/ArenaMainPanel_RankingSingleList/title/Text
10115,层数:,ArenaMainPanel/content/ArenaMainPanel_RankingSingleList/firstHead/infoGo/trial
10116,点金次数：,ArenaMainPanel/content/ArenaMainPanel_RankingSingleList/firstHead/infoGo/goldExper
10117,点赞次数：,ArenaMainPanel/content/ArenaMainPanel_RankingSingleList/firstHead (1)/infoGo/goldExper
10118,竞技排行,ArenaMainPanel/content/ArenaMainPanel_RankingSingleList/RankList/bg/Text
10119,通关关卡,ArenaMainPanel/content/ArenaMainPanel_RankingSingleList/RankList/ScrollTitleRoot/Info
10120,竞技积分,ArenaMainPanel/content/ArenaMainPanel_RankingSingleList/RankList/ScrollParentView/ItemPre/Text
10121,我的排名,ArenaMainPanel/content/ArenaMainPanel_RankingSingleList/RankList/Record/BG/Text
10122,未上榜,ArenaMainPanel/content/ArenaMainPanel_RankingSingleList/RankList/Record/SortNum/SortNum (4)/TitleText
10123,我的关卡：,ArenaMainPanel/content/ArenaMainPanel_RankingSingleList/RankList/Record/Info1
10124,榜单为空,ArenaMainPanel/content/ArenaMainPanel_RankingSingleList/RankList/NoneImage/TextImage/Text
10125,每日奖励,ArenaMainPanel/content/ArenaMainPanel_DailyReward/rewardBtn1/Text
10126,当前排名可获得,ArenaMainPanel/content/ArenaMainPanel_DailyReward/myReward/tip (1)
10127,日常奖励,ArenaMainPanel/content/ArenaMainPanel_DailyReward/tab/Button_Unselect1/Text
10128,排行奖励,ArenaMainPanel/content/ArenaMainPanel_DailyReward/tab/Button_Unselect2/Text
10129,赛季奖励,ArenaMainPanel/content/ArenaMainPanel_RankReward/rewardBtn2/Text
10130,保持排名可获得奖励：,ArenaMainPanel/content/ArenaMainPanel_RankReward/myReward/tip (1)
10131,挑  战,ArenaMainPanel/Title
10132,对战记录,ArenaRecordPopup/bg/title
10133,防守成功,ArenaRecordPopup/bg/record1/result
10134,回 放,ArenaRecordPopup/bg/record1/replay/Text
10135,暂无防守记录,ArenaRecordPopup/bg/roleImage/Text
10136,观看,ArenaRecordPopup/bg/record/replay/Text
10137,点击任意位置继续,ArenaResultPopup/tip
10138,虚位已待,ArenaTypePanel/content/ArenaTypePanel_Arena/bg/flagRed/roleImage/Text
10139,我的积分：,ArenaTypePanel/content/ArenaTypePanel_Arena/bgDown/Score
10140,我的排名：,ArenaTypePanel/content/ArenaTypePanel_Arena/bgDown/Rank
10141,当前赛季：,ArenaTypePanel/content/ArenaTypePanel_Arena/bgDown/Season
10142,赛季提示：赛季结束时将通过邮件发放排名奖励,ArenaTypePanel/content/ArenaTypePanel_Arena/bgDown/Tip
10143,进入挑战,ArenaTypePanel/content/ArenaTypePanel_Arena/btnEnter/Text
10144,当前赛程：,ArenaTypePanel/content/ArenaTypePanel_TopMatch/bgDown/Stage
10145,历史最高排名：,ArenaTypePanel/content/ArenaTypePanel_TopMatch/bgDown/BestRank
10146,形象设置,ArenaTypePanel/content/ArenaTypePanel_TopMatch/btnXingXiang/Text
10147,被膜拜次数:,ArenaTypePanel/content/ArenaTypePanel_TopMatch/TextMoBaiTimes
10148,战力：,ATM_RankViewPanel/MyRank/Power
10149,暂无排名,ATM_RankViewPanel/Empty/Text
10150,竞猜成功,ArenaTopMatchGuessTipViewPopup/ATM_GuessTipView/bg/Text
10151,竞猜,ArenaTopMatchGuessTipViewPopup/ATM_GuessTipView/BattlePopup/Left/Grade/Mark
10152,竞猜币,ArenaTopMatchGuessTipViewPopup/ATM_GuessTipView/Coin
10153,暂无32强信息,ArenaTopMatchPanel/content/ATM_EliminationView/Panel/Empty/Bg/Text
10154,玩家名字七个字,ArenaTopMatchPanel/content/ATM_RankView/data2/domain/name/Text
10155,记录,ArenaTopMatchPanel/content/ATM_MainMatchView/record/Text (1)
10156,战斗详情,ArenaTopMatchPanel/content/ATM_MainMatchView/btnDetail/Text
10157,尚未开始,ArenaTopMatchPanel/content/ATM_MainMatchView/contain/LockBg/JoinRoot/context
10158,倒计时：,ArenaTopMatchPanel/content/ATM_MainMatchView/contain/LockBg/JoinRoot/Text
10159,竞技场排名前128名,ArenaTopMatchPanel/content/ATM_MainMatchView/contain/LockBg/JoinRoot/tip
10160,未能参加,ArenaTopMatchPanel/content/ATM_MainMatchView/contain/LockBg/OutRoot/context
10161,可前往竞猜界面参与竞猜玩法\n赢得丰厚竞猜奖励,ArenaTopMatchPanel/content/ATM_MainMatchView/contain/LockBg/OutRoot/Text
10162,战斗编队,ArenaTopMatchPanel/content/ATM_MainMatchView/contain/LockBg/orggroup/Text
10163,已被淘汰,ArenaTopMatchPanel/content/ATM_MainMatchView/contain/LockBg/WeedOutRoot/Text
10164,最高排名,ArenaTopMatchPanel/content/ATM_MainMatchView/contain/LockBg/WeedOutRoot/BestRank
10165,等待其他战斗结束,ArenaTopMatchPanel/content/ATM_CommonPart/awaitText
10166,可竞猜：,ArenaTopMatchPanel/content/ATM_GuessView/guessbox/guess/blue/itemName
10167,已竞猜,ArenaTopMatchPanel/content/ATM_GuessView/guessbox/guess/blue/leftGuess
10168,赔率：,ArenaTopMatchPanel/content/ATM_GuessView/guessbox/guess/blue/leftValue
10169,竞猜记录,ArenaTopMatchPanel/content/ATM_GuessView/guessbox/btnbox/btn2/Text
10170,驱逐工会,ArenaTopMatchPanel/content/ATM_GuessView/guessbox/btnbox/btn3/Text
10171,32强赛可竞猜,ArenaTopMatchPanel/content/ATM_GuessView/empty/Image/Text
10172,未参与,ArenaTopMatchPanel/content/ATM_Title/ImgIntegral/integral
10173,竞猜币：,ArenaTopMatchPanel/content/ATM_GuessTipView/CoinNum
10174,★10秒后自动关闭★,ArenaTopMatchPanel/content/ATM_GuessTipView/Time
10175,我的赛程,ArenaTopMatchPanel/tabbox/tab/select
10176,确认,DoGuessPopup/tipImage/btnConfirm/Text
10177,（提升特权等级可增加每日购买次数）,DoGuessPopup/tipImage/tips
10178,战斗记录,TopMatchPlayBattleAinSelectPopup/Title
10179,无积分,TopMatchRecordPopup/content/Common/scrollpos/item/score
10180,决赛,TopMatchRecordPopup/content/Common/scrollpos/item/match
10181,下注,TopMatchRecordPopup/content/Common/scrollpos/guess/lab
10182,赢得,TopMatchRecordPopup/content/Common/scrollpos/guess/lab/lab
10183,排 名,TopMatchRecordPopup/content/Rank/title/rank
10184,角色信息,TopMatchRecordPopup/content/Rank/title/name
10185,战 力,TopMatchRecordPopup/content/Rank/title/count
10186,积 分,TopMatchRecordPopup/content/Rank/title/xing
10187,暂无战斗记录,TopMatchRecordPopup/content/Empty/Text
10188,分解,BagPanel/fenJieBtn/Text
10189,暂无物品信息,BagPanel/NoneImage/Text
10190,道具,BagPanel/box/Grid/Btn2/Text
10191,装备,BagPanel/box/Grid/Btn1/Text
10192,碎片,BagPanel/box/Grid/Btn3/Text
10193,戒指,BagPanel/box/Grid/Btn4/Text
10194,芯片,BagPanel/box/Grid/Btn5/Text
10195,一键合成,BagPanel/btnBg/allCompound/Text
10196,碎片合成,BagResolveAnCompoundPanel/bg/nameText
10197,批量分解中，包含了英雄级以上的道具。\r\n分解操作不可逆转，确定要进行分解吗？\r,BagResolveAnCompoundPanel/bg/layout2/Text
10198,确定,BagResolveAnCompoundPanel/bg/layout2/btnSure/Text
10199,合成,BagResolveAnCompoundPanel/bg/layout3/btnCompound/Text
10200,战斗统计,BattleBestPopup/btnResult/Text
10201,伤害,BattleBestPopup/hurt/Text
10202,吉运,BattlePanel/ChatPanel/content/system/type/type/Text
10203,请输入内容,BattlePanel/ChatPanel/bottom/input/InputField/Placeholder
10204,发送,BattlePanel/ChatPanel/bottom/input/send/Text
10205,Lv20或V1解锁,BattlePanel/DownRoot/option/btnJump/lock/Text
10206,暂停,BattlePanel/DownRoot/option/btnExit/Text
10207,布鲁图斯,BattlePanel/HelpHeroShow/name
10208,异能增幅,BuffPreviewPopup/buffPrefab/title/name
10209,点击空白处关闭,DamageResult/btnBack/Text
10210,进攻方,DamageResult/left/name
10211,防守方,DamageResult/right/name
10212,阵容介绍,BattlePassPanel/Panel/Content/BattlePassPanel_FirstPanel/bg/down/battleArray/detailsBtn/Text
10213,英雄站位,BattlePassPanel/Panel/Content/BattlePassPanel_FirstPanel/bg/down/btns/nameBtn/Text
10214,英雄特点,BattlePassPanel/Panel/Content/BattlePassPanel_FirstPanel/bg/down/btns/locationBtn/Text
10215,任务进度,BattlePassPanel/Panel/Content/BattlePassPanel_FirstPanel/bg/down/getBtn/Text
10216,手札任务,BattlePassPanel/Panel/Content/BattlePassPanel_Mission/BG/Text
10217,普通目标,BattlePassPanel/Panel/Content/BattlePassPanel_Mission/bg/goals/free/Text
10218,进阶目标,BattlePassPanel/Panel/Content/BattlePassPanel_Mission/bg/goals/BattlePass/Text
10219,已达成,BattlePassPanel/Panel/Content/BattlePassPanel_Mission/bg/goals/Text
10220,解锁<color=#FF9725>进阶目标</color>，领取<size=50><color=#FFD12B>高阶阵容</color></size>和<size=50><color=#FF9725>限定阵容</color></size>奖励,BattlePassPanel/Panel/Content/BattlePassPanel_Mission/Poor/Unlock/Text
10221,一键领取,BattlePassPanel/Panel/Content/BattlePassPanel_Mission/btnBg/taskAllReceive/Text
10222,进阶奖励解锁,BattlePassPanel/Panel/tag/bg/Text
10223,立即获得,BattlePassPanel/Panel/tag/detail/itemGrids/Tip1/Text
10224,可解锁以下奖励,BattlePassPanel/Panel/tag/detail/itemGrids/Tip2/Text
10225,已解锁,BattlePassPanel/Panel/tag/detail/lockBtn/PriceTxt
10226,选择难度,BlitzStrikeDifficultSelectPopup/Bg/bg/title
10227,普通模式,BlitzStrikeDifficultSelectPopup/Bg/Difficult1/Image/Text
10228,解锁奖励总览,BlitzStrikeDifficultSelectPopup/Bg/Difficult1/RewardTotal/Title
10229,精英模式,BlitzStrikeDifficultSelectPopup/Bg/Difficult2/Image/Text
10230,普通模式全通关后开启,BlitzStrikeDifficultSelectPopup/Bg/Difficult2/RewardTotal/Title
10231,噩梦模式,BlitzStrikeDifficultSelectPopup/Bg/Difficult3/Image/Text
10232,精英模式全通关后开启,BlitzStrikeDifficultSelectPopup/Bg/Difficult3/RewardTotal/Title
10233,选择难度后，本轮无法更改难度,BlitzStrikeDifficultSelectPopup/Bg/font2 (1)
10234,好友助阵,BlitzStrikePanel/Root/Top/Btn_Friend/Text
10235,复活,BlitzStrikePanel/Root/Top/Btn_Relive/Text
10236,今日已获得奖励,BlitzStrikePanel/Root/Top/TodayGetReward/Bg/Text
10237,第3关,BlitzStrikePreFightPopup/Bg/bg/title
10238,战斗,BlitzStrikePreFightPopup/Bg/btnFight/btn/Text
10239,已上阵,BlitzStrikePreFightPopup/Bg/item2/formationMask/formationImage/Text
10240,敌方阵容,BlitzStrikePreFightPopup/Bg/Formation/Title
10241,英雄复活,BlitzStrikeRelivePopup/Bg/bg/title
10242,选择英雄进行复活，每次最多可以选择 6 名英雄,BlitzStrikeRelivePopup/Bg/font1
10243,每天可复活次数：,BlitzStrikeRelivePopup/Bg/font2 (1)
10244,（提升VIP等级可增加复活次数）,BlitzStrikeRelivePopup/Bg/font2 (2)
10245,取消选择,BlitzStrikeSupportPopup/bg/ScrollPre/btnCancelSelect/btn/Text
10246,当前选择：,BlitzStrikeSupportPopup/bg/MySupport/Text (1)
10247,每日派遣支援英雄可得奖励，若英雄被使用将获得友情点,BlitzStrikeSupportPopup/bg/MySupport/Text
10248,可选英雄：,BlitzStrikeSupportPopup/bg/MySupport/Text (1)
10249,未派遣,BlitzStrikeSupportPopup/bg/MySupport/NoGo/text
10250,根据最快通关时间排名,CarbonScoreSortPanel/Bg/GameObject/tishiText
10251,通关阵容,CarbonScoreSortPanel/Bg/playerInfoShow/bg/Text
10252,通关英雄,CarbonScoreSortPanel/Bg/playerInfoShow/bg/Text (2)
10253,我的记录,CarbonScoreSortPanel/Bg/endGo/Text
10254,我的排名：未上榜,CarbonScoreSortPanel/Bg/endGo/passSort
10255,通关时间：未通关,CarbonScoreSortPanel/Bg/endGo/passTime
10256,排行,CarbonScoreSortPanel/Text
10257,名次,CarbonScoreSortPanel/TrailRank/infoRoot/rank
10258,历史最高,CarbonScoreSortPanel/TrailRank/infoRoot/highest
10259,通关时间,CarbonScoreSortPanel/TrailRank/infoRoot/passTime
10260,层,CarbonScoreSortPanel/TrailRank/rankItem/Image/textRoot/ceng
10261,最高纪录：,CarbonScoreSortPanel/TrailRank/monsterMyRecord/myInfo (1)
10262,腐化之战,CarbonTypePanel/btnRoot/circle/root/Title
10263,时空战场,CarbonTypePanelV2/Bg/Title/title
10264,物资收集,CarbonTypePanelV2/circle/root/DailyCarbonBtn/bg/carbon/Name
10265,敬请期待,CarbonTypePanelV2/circle/root/DailyCarbonBtn/bg/Text
10266,每日5点重置,CarbonTypePanelV2/circle/root/DailyCarbonBtn/bg/InfoBg/timeReset
10267,掉落各种材料,CarbonTypePanelV2/circle/root/normalRoot/bg/InfoBg/InfoBg/dropContent
10268,挑战,DailyCarbonPanel/Panel/Scroll/Pre/GoBtn/challenge/Text
10269,扫荡,DailyCarbonPanel/Panel/Scroll/Pre/GoBtn/sweep/Text
10270,未开启,DailyCarbonPanel/Panel/Scroll/Pre/Tip/sweep/Text
10271,一键扫荡,DailyCarbonPanel/Panel/sweepBtn/Text
10272,敌方英雄：,XuanYuanMirrorPanelList/Panel/title/txt
10273,属性克制：,XuanYuanMirrorPanelList/Panel/title/txt
10274,提升特权等级可增加每日购买次数,XuanYuanMirrorPanelList/Panel/tip/vipTips
10275,已通关,XuanYuanMirrorPanelList/Pre/Tip
10276,本周通关总数,XuanYuanMirrorRankPopup/rank/ItemPre/num/Text
10277,无人上榜,XuanYuanMirrorRankPopup/rank/NoneImage/Text
10278,奖池详情,CardActivityPanel/pageContent/page_1/btnJackpotDetails/Text
10279,详情,CardActivityPanel/pageContent/page_1/btnDetails/Text
10280,评论,CardActivityPanel/pageContent/page_1/btnComment/Text
10281,抽取1次,CardActivityPanel/pageContent/page_1/btn1/Text
10282,抽取10次,CardActivityPanel/pageContent/page_1/btn10/Text
10283,选择心愿奖励,CardActivityPanel/pageContent/page_1/ChangeWishPanel/Image/Text
10284,每次切换都需要消耗钻石，请慎重选择心仪英雄,CardActivityPanel/pageContent/page_1/ChangeWishPanel/Text
10285,获得一定数量的心愿奖励即可领取免费奖励并解锁专属礼包,CardActivityPanel/pageContent/page_4/bg/Image/Image/Text
10286,免费奖励,CardActivityPanel/pageContent/page_4/bg/Image/Text
10287,专属礼包,CardActivityPanel/pageContent/page_4/bg/Image/Text
10288,免费10次,ChatPanel/bottom/input/count/freeCount
10289,当前频道无法发言,ChatPanel/bottom/tip
10290,邀请入会,ChatPanel/playerInfo/bg/btnInvite/Text
10291,添加好友,ChatPanel/playerInfo/bg/btnFriend/Text
10292,公会,ChatPanel/tabbox/tab/Text
10293,返  回,FriendChatPanel/rightUp/btnBack/Text
10294,请输入消息（最多40字）,FriendChatPanel/bottom/input/InputField/Placeholder
10295,该频道下无法发言,FriendChatPanel/bottom/tip
10296,通关战报,ClimbTowerBattleReportPopup/bg/title
10297,最快通关,ClimbTowerBattleReportPopup/bg/ReportFast/Image/Text
10298,最低战力,ClimbTowerBattleReportPopup/bg/ReportLowest/Image/Text
10299,分享,ClimbTowerBattleReportPopup/bg/ReportMine/ShareBtn/Text (1)
10300,世界\n,ClimbTowerBattleReportPopup/bg/Channel/WorldChannel/Text (1)
10301,跨国,ClimbTowerEliteBattleReportPopup/bg/Channel/TransnationalChannel/Text (1)
10302,点击前往尚未<color=#FFD12B>3星</color>通关的关卡,ClimbTowerEliteFilterStarPopup/bg/Panel/Image/Text
10303,关卡评分,ClimbTowerEliteGoFightPopup/bg/Task/Title
10304,未解锁,ClimbTowerElitePanel/ScrollPre/Lock/Text
10305,本次免费,ClimbTowerElitePanel/ScrollPre/Open/Status/Finish/mopUp/SweepFree/Text
10306,塔主,ClimbTowerElitePanel/ScrollPre/winner/TowerMaster
10307,星级筛选,ClimbTowerElitePanel/starScreen/Text
10308,神之塔,ClimbTowerElitePanel/btnList/ModeBtn/Text
10309,魔之塔,ClimbTowerElitePanel/btnList/EliteModeBtn/Text
10310,能力预览,ClimbTowerElitePopup/bg/title
10311,可领悟,ClimbTowerElitePopup/bg/WarWayPre/CanLearnSign/Text
10312,推荐,ClimbTowerElitePopup/bg/WarWayPre/RecommandSign/Text
10313,稀有,ClimbTowerElitePopup/bg/WarWayPre/RareSign/Text
10314,能力专属,ClimbTowerElitePopup/bg/WarWayPre/UniqueSign/Text
10315,魔之塔排行,ClimbTowerEliteRankPopup/RankList/bg/Text
10316,星数,ClimbTowerEliteRankPopup/RankList/ScrollParentView/ItemPre/Text
10317,解锁挑战特权,ClimbTowerEliteRewardPopup/bg/title
10318,日常任务,ClimbTowerEliteRewardPopup/bg/TabBox/tab/Text
10319,当前通过层数：,ClimbTowerEliteRewardPopup/bg/Vip/GameObject/Text (1)
10320,解锁特权挑战,ClimbTowerEliteRewardPopup/bg/Vip/VipBtn/Text
10321,可获得以下奖励和特权,ClimbTowerEliteUnlockPopup/bg/RewardNow/Title
10322,1. 购买特权，立即获得如上直购奖励,ClimbTowerEliteUnlockPopup/bg/RewardNow/Title (1)
10323,2. 购买特权，解锁丰厚特权档次奖励,ClimbTowerEliteUnlockPopup/bg/RewardNow/Title (2)
10324,648元购买,ClimbTowerEliteUnlockPopup/bg/Btn/UnlockBtn/Text (1)
10325,神之塔排行,ClimbTowerRankPopup/RankList/bg/Text
10326,层数,ClimbTowerRankPopup/RankList/ScrollParentView/ItemPre/Text
10327,暂无装备,CombatPlanCompoundSelectPopup/bg/no/Text
10328,暂无任何装备,CombatPlanCompoundSelectPopup/bg/no/Text
10329,已选,CombatPlanCompoundSelectPopup/desText
10330,戒指选择,CombatPlanPromotedSelectPopup/BG/Text
10331,只有<size=36><color=#FF6868> 史诗戒指 </color></size>才可进行精炼,CombatPlanPromotedSelectPopup/desText
10332,获取更多,CombatPlanSelectPopup/bg/btn/Text
10333,评分：,CombatPlanTipsPopup/Bg/equipInfo/powerNum/powerNum
10334,基础属性,CombatPlanTipsPopup/Bg/mainPro/line/Text
10335,额外新增1条百分比属性加成效果,CombatPlanTipsPopup/Bg/mainPro/addPro/Text
10336,套装属性：,CombatPlanTipsPopup/Bg/scroll/Text
10337,装备特性：,CombatPlanTipsPopup/Bg/castInfoObject/Text
10338,重铸,CombatPlanTipsPopup/Bg/btns/btnReset/Text
10339,分配,CombatPlanTipsPopup/Bg/btns/btn2/Text
10340,戒指重铸,EquipPlanResetPopup/bg/bg/Text
10341,保存,EquipPlanResetPopup/bg/DownBtn/SaveBtn/Text
10342,随机属性,EquipPlanResetPopup/bg/ResetInfo/random
10343,研究所,CompoundPanel/panle/CompoundPanel_Equip/Image/Text
10344,合成数量：,CompoundPanel/panle/CompoundPanel_Equip/titleGo/numText/Text
10345,消耗:,CompoundPanel/panle/CompoundPanel_Equip/titleGo/priceText
10346,芯片合成,CompoundPanel/panle/CompoundPanel_SoulPrint/bg/Text
10347,基础:,CompoundPanel/panle/CompoundPanel_SoulPrint/medals/frame1/haveFrame/pro
10348,随机属性选择  (同一个属性只能选择一条),CompoundPanel/panle/CompoundPanel_SoulPrint/bgDown/scheme/nameTip
10349,一键添加,CompoundPanel/panle/CompoundPanel_SoulPrint/bgDown/autoCompoundBtn/Text
10350,合 成,CompoundPanel/panle/CompoundPanel_Treasure/compoundBtn/Text
10351,戒指经验,CompoundPanel/panle/CompoundPanel_Treasure/progress/experience/Text
10352,技能预览,CompoundPanel/panle/CompoundPanel_Treasure/previewBtn/Text
10353,同类低级戒指可合成高级戒指,CompoundPanel/panle/CompoundPanel_CombatPlan/Compound/Prompt
10354,成功率:,CompoundPanel/panle/CompoundPanel_CombatPlan/Compound/Consume/Prompt
10355,戒指精炼,CompoundPanel/panle/CompoundPanel_CombatPlan/PromotionPanel/bg/Image/Image/Text
10356,精炼,CompoundPanel/panle/CompoundPanel_CombatPlan/PromotionPanel/promotedBtn/Text
10357,实验室,AssemblePanel/titleGo/bg/Text
10358,请选择需要合成的英雄,AssemblePanel/titleGo/compoundHero/tipText
10359,今日再获得,DailyRechargePanel/frame/bg/descbg/NeedRechange/Text
10360,充值积分,DailyRechargePanel/frame/bg/descbg/NeedRechange/Text
10361,即可领取,DailyRechargePanel/frame/bg/descbg/NeedRechange/Text
10362,每日首充豪礼,DailyRechargePanel/frame/bg/descbg/NeedRechange/Text
10363,今日充值目标达成！,DailyRechargePanel/frame/bg/descbg/CanReward/Text
10364,快来领取,DailyRechargePanel/frame/bg/descbg/CanReward/Text
10365,今日份豪礼吧!,DailyRechargePanel/frame/bg/descbg/CanReward/Text
10366,今日奖励已领取，明日充值后可再次领取,DailyRechargePanel/frame/bg/Received/Text
10367,选择增益,DefenseTrainingBuffPopup/Bg/bg/title
10368,我的阵容,DefenseTrainingBuffPopup/Bg/Formation/Title
10369,必须选择一个增益才能继续,DefenseTrainingBuffPopup/Bg/Title
10370,选择并挑战,DefenseTrainingBuffPopup/Bg/skill1/btn/Text
10371,副本奖励,DefenseTrainingPopup/Bg/reward/Reward/Text
10372,个人最高记录,DefenseTrainingPopup/Bg/personal
10373,暂未上榜,DefenseTrainingPopup/Bg/bottom/left/weishangbang
10374,首通奖励,DefenseTrainingPopup/Bg/bottom/right/title
10375,选择好友的英雄助阵,DefenseTrainingPopup/Bg/btnFrind/Text (1)
10376,通关数,DefenseTrainingRankPopup/RANK/RankUserPre/Grid/Stage
10377,日常挑战奖励,DefenseTrainingRewardPopup/bg/Review2/Title
10378,好友支援,DefenseTrainingSupportPopup/bg/title
10379,来自好友,DefenseTrainingSupportPopup/bg/ScrollPre/FriendName
10380,我支援的,DefenseTrainingSupportPopup/bg/TabBox/tab/Text
10381,当前选择,DefenseTrainingSupportPopup/bg/MySupport/Text (1)
10382,可选英雄,DefenseTrainingSupportPopup/bg/MySupport/Text (1)
10383,每日派遣支援英雄可得奖励，若英雄被好友使用将获得友情点,DefenseTrainingSupportPopup/bg/MySupport/Text
10384,已派遣,DefenseTrainingSupportPopup/bg/MySupport/AlreadyGo/Already/Text
10385,公会排行,DynamicActivityPanel/bg/pageContent/page2/Rank/teamRank/Text
10386,个人排行,DynamicActivityPanel/bg/pageContent/page2/Rank/personRank/Text
10387,我的积分,DynamicActivityPanel/bg/pageContent/page2/Rank/image/myScore
10388,公会积分,DynamicActivityPanel/bg/pageContent/page2/Rank/image/guildScore
10389,数据每分钟更新,DynamicActivityPanel/bg/pageContent/page2/Rank/text
10390,商店,DynamicActivityPanel/bg/pageContent/page2/btns/store/Text
10391,已领取全部奖励,DynamicActivityPanel/bg/pageContent/page3/receiveAll
10392,累计招募,DynamicActivityPanel/bg/pageContent/page3/nextlevel/nextNum/Text
10393,次可领取,DynamicActivityPanel/bg/pageContent/page3/nextlevel/nextNum/Text
10394,跳过动画,DynamicActivityPanel/bg/pageContent/page3/jumpBtn/Text
10395,招募1次,DynamicActivityPanel/bg/pageContent/page3/btngroup/once/noFree
10396,免费招募,DynamicActivityPanel/bg/pageContent/page3/btngroup/once/free
10397,招募10次,DynamicActivityPanel/bg/pageContent/page3/btngroup/ten/Text
10398,奖励预览,DynamicActivityPanel/bg/pageContent/page3/reward/bg/Image/Text
10399,限时招募期间达到指定招募次数可获得对应奖励,DynamicActivityPanel/bg/pageContent/page3/reward/tip
10400,当前已招募次数,DynamicActivityPanel/bg/pageContent/page3/reward/tip2
10401,活动详情,DynamicActivityPanel/bg/pageContent/page3/detail/bg/Image/Text
10402,本期UP内容,DynamicActivityPanel/bg/pageContent/page3/detail/panel/Title/Text
10403,内容详情,DynamicActivityPanel/bg/pageContent/page3/detail/panel/Title2/Text
10404,概率公示,DynamicActivityPanel/bg/pageContent/page3/detail/panel/Title3/Text
10405,召唤      次必得橙色魂印,DynamicActivityPanel/bg/pageContent/page4/midDown/tips/tips1
10406,活动商城,DynamicActivityPanel/bg/pageContent/page4/rightUp/store/Text
10407,免费开箱,DynamicActivityPanel/bg/pageContent/page4/bottom/btnOne/free
10408,开箱1次,DynamicActivityPanel/bg/pageContent/page4/bottom/btnOne/Text
10409,10连,DynamicActivityPanel/bg/pageContent/page4/bottom/btnOne/layout/info
10410,开箱10次,DynamicActivityPanel/bg/pageContent/page4/bottom/btnTen/Text
10411,后刷新,DynamicActivityPanel/bg/pageContent/page4/bottom/countDown/di1/Text
10412,30元,DynamicActivityPanel/bg/pageContent/page5/ItemPre/btnBuy/price
10413,活动期间，累计充值金额达到条件，即可领取限时豪礼，（购买礼包或者充值钻石均计算在内）,DynamicActivityPanel/bg/pageContent/page6/bg/Text
10414,累计充值积分,DynamicActivityPanel/bg/pageContent/page6/ItemPre/context/title
10415,重置,DynamicActivityPanel/bg/pageContent/page9/reward/refrash/Text
10416,5行UP,DynamicActivityPanel/bg/pageContent/page14/detail/panel/rate/rate/rateprefab1/star
10417,天,EightDayGiftPanel/panel/show/itemPre/kuang/reward/days/Text
10418,本期活动<color=#FFD12B>第1名</color>可获得,ExpertPanel/downLayout/expertRewardGrid/firstReward/Image/Text
10419,活动排行,ExpertPanel/downLayout/expertRewardGrid/sortBtn/Text
10420,奖励排行,ExpertPanel/downLayout/expertRewardGrid/rewardBtn/Text
10421,活动规则,ExpertPanel/downLayout/exChangeGrid/downbg/info/titleText
10422,当前拥有道具,ExpertPanel/downLayout/exChangeGrid/buyInfo/text
10423,立即前往,ExpertPanel/downLayout/patFaceGrid/goJumpBtn/Text
10424,幸运探宝,ExpertPanel/downLayout/LuckyTurnTablePanel/Top/LuckyTreasureBtn/Text
10425,高级探宝,ExpertPanel/downLayout/LuckyTurnTablePanel/Top/AdvancedTreasureBtn/Text
10426,探宝1次,ExpertPanel/downLayout/LuckyTurnTablePanel/Bottom/TreasureOnceBtn/Text
10427,免费刷新,ExpertPanel/downLayout/LuckyTurnTablePanel/Bottom/RefreshBtn/FreeDetail/Text
10428,探宝10次,ExpertPanel/downLayout/LuckyTurnTablePanel/Bottom/TreasureMultipleBtn/Text
10429,幸运值,ExpertPanel/downLayout/LuckyTurnTablePanel/Slider/LuckyValue/Text
10430,明日开启,ExpertPanel/downLayout/CourtesyDressPanel/item/nextDayOpenBtn/Text
10431,抽取,ExpertPanel/downLayout/LuckyCatPanel/middle/startDraw/startDrawBtn/Text
10432,本次最低可获得：,ExpertPanel/downLayout/LuckyCatPanel/middle/startDraw/lowImage/text
10433,本次消耗,ExpertPanel/downLayout/LuckyCatPanel/middle/startDraw/highImage/text
10434,本次最高获得,ExpertPanel/downLayout/LuckyCatPanel/middle/startDraw/highImage/text (1)
10435,再充值,ExpertPanel/downLayout/LuckyCatPanel/middle/startDraw/canRechargeTimebg/text
10436,（剩余时间：,ExpertPanel/downLayout/GrowShitGiftPage/downLayout/item/titleImage/root/leftTime
10437,活动期间，可领取已达档次奖励，奖励限时限量，先到先得,ExpertPanel/downLayout/UpLvRewardGrid/Text
10438,每周限购,ExpertPanel/downLayout/GiftBuy/ItemPre/tip/tip1/text1
10439,刷新,ExpertPanel/downLayout/BoxPool/gird/btnRefresh/Text
10440,免费抽取,ExpertPanel/downLayout/BoxPool/gird/btnDraw/Text
10441,我的排名:,ExpertRewardSortPanel/content2/bottom/info/text
10442,累计伤害：,ExpertRewardSortPanel/content2/bottom/info/text2
10443,排行奖励将在活动结束后通过邮件发放,ExpertRewardSortPanel/content3/Text
10444,锦标赛已经开始了，正在进行竞猜阶段，是否前往竞猜,PatFacePanel/frame/obg3/infoText
10445,取消,PatFacePanel/frame/obg3/cancelBtn/Text
10446,前往参加,PatFacePanel/frame/obg3/goJumpBtn/Text
10447,限时礼包,PatFacePanel/frame/obg5/nameText
10448,前往参与,PatFacePanel/frame/obg5/goJumpBtn/Text
10449,<color=#f8b255>限定</color>贩卖，<color=#f8b255>超值</color>珍品！,FestivalActivityPanel/bg/pageContent/Festivalpage2/titleImg/Text
10450,返 回,FestivalActivityPanel/bg/btnBack/Text
10451,快速训练,FightAreaRewardFullPopup/Bg/notActive/title/title
10452,快速训练特权,FightAreaRewardFullPopup/Bg/notActive/buyInfo/title
10453,快速训练特权已激活,FightAreaRewardFullPopup/Bg/active/Image/Text
10454,概率掉落,FightAreaRewardFullPopup/Bg/bottomBg/itemTitle
10455,掉落信息,FightAreaRewardPopupV2/Bg/title
10456,首领掉落,FightAreaRewardPopupV2/Bg/Tab/BossDropTab/Text
10457,关卡掉落,FightAreaRewardPopupV2/Bg/Tab/LevelDropTab/Text
10458,暂未开启,FightAreaRewardPopupV2/Bg/BossDropInfoGroupPre/title/lock
10459,挂机时有几率获得以下奖励,FightAreaRewardReminderPopup/Reminder/Bg/Text
10460,训练时长：,FightAreaRewardReminderPopup/Reminder/Bg/info/Text
10461,收取,FightAreaRewardReminderPopup/Reminder/Bg/Gobtn/Text
10462,功能解锁,FightEndLvUpPanel/bg/openFun/curLvOpenFun/openLock/b5
10463,守护,FightEndLvUpPanel/bg/openFun/curLvOpenFun/openList/viewPort/itemPro/name
10464,赠送,FightPointPassMainPanel/Bg/box/passGift/give
10465,任务,FightPointPassMainPanel/Bg/btnGroup/btnDailyMission/Text
10466,请输入内容...,FightPointPassMainPanel/Bg/ChatPanel/bottom/input/InputField/Placeholder
10467,收益<color=#FF9725><size=22><i>/分钟</i></size></color>,FightPointPassMainPanel/Bg/getBoxReward/profits/Text
10468,训练,FightPointPassMainPanel/Bg/btnDown/btnFastExplore/Text
10469,通关记录,FightRecordPopup/Bg/title
10470,最近通关,FightRecordPopup/Bg/Grid/RewardInfoGroupPre1/type
10471,尚未有人通关,FightRecordPopup/Bg/NoPeople/Text
10472,章节地图,StageMapPanel/bg/Text
10473,用时：,FindTreasureDispatchPanel/matreialTimeInfoBg/timeObj/Text
10474,探索条件,FindTreasureDispatchPanel/conditionTitle
10475,派遣,FindTreasureDispatchPanel/btnSure/Text
10476,一键派遣,FindTreasureDispatchPanel/btnAutoSure/Text
10477,探索,FindTreasureMainPanel/bg/Text
10478,接取,FindTreasureMainPanel/rect/rect1/grid/rewardPre1/jumpButton/Text
10479,加速,FindTreasureMainPanel/rect/rect1/grid/rewardPre1/quickGetButton/item/Text
10480, 剩余时间,FindTreasureMainPanel/rect/rect1/grid/rewardPre1/timeObject/Text
10481,寻宝特权,FindTreasureMainPanel/FindTreasureVipBtn/Text
10482,探索特权,FindTreasureMainPanel/FindTreasureVipBtn/icon/iconText
10483,自动派遣,FindTreasureMainPanel/skipBtn/Text
10484,【探索特权】,FindTreasureVipPopup/GameObject1/Title/Text
10485,去激活,FindTreasureVipPopup/GameObject1/jumpBtn/Text
10486,已激活,FindTreasureVipPopup/GameObject1/finish/Text
10487,【高阶探索特权】,FindTreasureVipPopup/GameObject2/Title/Text
10488,第1天免费领,FirstRechargePanel/frame/rewardBg/rewardDay1/title
10489,可领取,FirstRechargePanel/frame/rewardBg/rewardDay1/title2
10490,第2天免费领,FirstRechargePanel/frame/rewardBg/rewardDay2/title
10491,第3天免费领,FirstRechargePanel/frame/rewardBg/rewardDay3/title
10492,首充<size=52><color=#FFD12BFF><b>60</b></color></size>充值积分赠,FirstRechargePanel/frame/tabsContent/tabs_1/selected/Text
10493,<size=46>全套</size>金色装备,FirstRechargePanel/frame/tabsContent/tabs_1/selected/Text
10494,首充赠礼,FirstRechargePanel/frame/tabsContent/tabs_1/title
10495,累计<size=52><color=#FFD12BFF><b>1000</b></color></size>充值积分赠,FirstRechargePanel/frame/tabsContent/tabs_2/selected/Text
10496,<size=46>五星</size>自选英雄,FirstRechargePanel/frame/tabsContent/tabs_2/selected/Text
10497,累充赠礼,FirstRechargePanel/frame/tabsContent/tabs_2/title
10498,机械,FormationBuffPopup/Bg/Image/Text
10499,魔法,FormationBuffPopup/Bg/Image/Text (1)
10500,体术,FormationBuffPopup/Bg/Image/Text (2)
10501,秩序,FormationBuffPopup/Bg/Image/Text
10502,混沌,FormationBuffPopup/Bg/Image/Text (1)
10503,克制关系,FormationBuffPopup/Bg/Text
10504,克制效果：伤害+25%  命中+20%,FormationBuffPopup/Bg/Text (1)/Text
10505,激活中,FormationBuffPopup/Bg/ScrollView/effectGroupPre/activated/Image/Text
10506,大魔导师,FormationBuffPopup/Bg/ScrollView/effectGroupPre/BuffTitle
10507,异端之战,FormationEditPopup/bg/Text
10508,一键布阵,FormationEditPopup/bg/allBtn/Text
10509,进入战场,FormationEditPopup/bg/btnSure/Text
10510,等级排序,FormationEditPopup/bg/ShaiXuanBtn/Lv
10511,品级排序,FormationEditPopup/bg/ShaiXuanBtn/Qu
10512,英雄布阵,FormationPanelV2/Bg/Text
10513,替补,FormationPanelV2/btnSubstitute/name
10514,先驱,FormationPanelV2/btnPioneer/name
10515,没有该阵营的英雄,FormationPanelV2/Scroll/Empty/Image/Text
10516,推荐阵容,FormationPanelV2/btnExample/Text
10517,一键上阵,FormationPanelV2/bottom/btnbox/btn_1/Text
10518,闯关,FormationPanelV2/tabsbg/grid/tabsContent/tab/name
10519,更换站位,FormationPositonPopup/Bg/Text
10520,点击图标选择队形,FormationPositonPopup/Bg/Text
10521,点击空白区域关闭,FormationCenterActiveOrUpgradeSuccessPanel/btnBack/Image
10522,每日产出,FormationCenterActiveOrUpgradeSuccessPanel/ScrollView/everyday/Text
10523,每日产出将通过邮件每日自动发放，记得及时领取,FormationCenterPanel/bg/everyday/Text
10524,全体上阵英雄加成属性,FormationCenterPanel/bg/pro/Text
10525,星级总览,FormationCenterTipPanel/bg/Image/Text
10526,情报商城,FormationShopPanel/bg/titleText
10527,未激活,FormationStartCombatPanel/bg/my/Text_MyNotActive
10528,选择最终奖励,GeneralBigPopup/Contents/GeneralBigPopup_YiJingBaoKu/bg/Image/Text
10529,最终奖励,GeneralBigPopup/Contents/GeneralBigPopup_YiJingBaoKuRewardPreview/bg/Text
10530,本层其他奖励,GeneralBigPopup/Contents/GeneralBigPopup_YiJingBaoKuRewardPreview/bg/Text
10531,保持排名可获得,GeneralRankRewardPanel/content/myRank/bg/Text
10532,推荐好友,GoodFriendMainPanel/friendSearch/titleBgImage/titleText
10533,查  找,GoodFriendMainPanel/friendSearch/bottomImage/searchButton/Text
10534,暂无好友,GoodFriendMainPanel/friendSearch/roleImage/Text
10535,请前往添加！,GoodFriendMainPanel/friendSearch/roleImage/Text (1)
10536,申请好友,GoodFriendMainPanel/friendSearch/item3/applicationFriend/Text
10537,通过,GoodFriendMainPanel/friendApplication/item2/agree/Text
10538,拒绝,GoodFriendMainPanel/friendApplication/item2/refuse/Text
10539,暂无申请,GoodFriendMainPanel/friendApplication/roleImage/Text (2)
10540,暂无好友申请,GoodFriendMainPanel/friendApplication/roleImage/Text (3)
10541,一键通过,GoodFriendMainPanel/friendApplication/bottomImage/agreeAllBtn/Text
10542,全部同意,GoodFriendMainPanel/friendApplication/bottomImage/agreeAllBtn2/Text
10543,删除,GoodFriendMainPanel/friendList/item1/deleteFriend/Text
10544,收取友情点,GoodFriendMainPanel/friendList/item1/givingEnergy/gainEnergyText
10545,已赠送,GoodFriendMainPanel/friendList/item1/havePresent/havePresentText
10546,私聊,GoodFriendMainPanel/friendList/item1/sendMessage/Text
10547,一键赠送,GoodFriendMainPanel/friendList/bottomImage/presentBtn/Text
10548,赠送已领:,GoodFriendMainPanel/friendList/haveGetRewardNum/Text
10549,一键移除,GoodFriendMainPanel/blackList/bottomImage/btn/Text
10550,好友,GoodFriendMainPanel/switchBtn/friendListBtn/Text
10551,申请,GoodFriendMainPanel/switchBtn/friendApplicationBtn/Text
10552,黑名单,GoodFriendMainPanel/switchBtn/blackListBtn/Text
10553,解锁精英特权,GrowthManualBuyPanel/content/Image/Text
10554,普通特权,GrowthManualBuyPanel/content/Image/Text
10555,精英特权,GrowthManualBuyPanel/content/Image/Text
10556,可解锁精英特权并获得以下奖励,GrowthManualBuyPanel/content/Image_Content/Image/Text
10557,成长手册等级提升,GrowthManualLevelUpPanel/bg/Text
10558,可领取奖励,GrowthManualLevelUpPanel/bg/Text
10559,活动时间：,GrowthManualPanel/bg/time
10560,手册等级,GrowthManualPanel/bg/Rects/RewardPreview/Image/Text
10561,等级奖励,GrowthManualPanel/bg/Rects/RewardPreview/Image/Text
10562,精英奖励,GrowthManualPanel/bg/Rects/RewardPreview/Image/Text
10563,完成状况,GrowthManualPanel/bg/Rects/RewardPreview/Image/Text
10564,剩余时间:,GrowthManualPanel/bg/Rects/TaskPreview/time
10565,每日任务,GrowthManualPanel/bg/Rects/TaskPreview/Toggle/Toggle_Day/Background/Checkmark/Label
10566,每周任务,GrowthManualPanel/bg/Rects/TaskPreview/Toggle/Toggle_Week/Background/Checkmark/Label
10567,终极任务,GrowthManualPanel/bg/Rects/TaskPreview/Toggle/Toggle_Month/Background/Checkmark/Label
10568,挑 战,GuildBossMainPanel/btnFight/Text
10569,对战1次,GuildBossMainPanel/btnbox/btn_1/btnLab
10570,对战5次,GuildBossMainPanel/btnbox/btn_2/btnLab
10571,挑战时间：8:00-次日2:00      刷新时间：每日5点,GuildBossMainPanel/Tip
10572,选择目标,GuildCarDelayLootPopup/bg/name
10573,抢夺并战胜其他公会玩家后可夺取目标25%的积分,GuildCarDelayLootPopup/bg/titleText
10574,积分：,GuildCarDelayLootPopup/ItemPre/infoText/soreText/soreText (1)
10575,抢 夺,GuildCarDelayLootPopup/ItemPre/lootBtn/Text
10576,无抢夺目标！,GuildCarDelayLootPopup/emptyObj/Text
10577,抢夺记录,GuildCarDelayLootRecordPopup/bg/name
10578,今日,GuildCarDelayLootRecordPopup/bg/rect/grid/ver/recordPer (1)/titleImage/titleImage/titleText
10579,3日内无抢夺记录！,GuildCarDelayLootRecordPopup/bg/emptyObj/TextImage/Text
10580,退 出,DeathPosPanel/Panel/BackBtn/Text
10581,排 行,DeathPosRankPopup/Panel/Title
10582,占领,DeathPosRankPopup/Panel/Scroll/UpInfo/Grid/Num
10583,总伤害,DeathPosRankPopup/Panel/Scroll/UpInfo/Hurt
10584,无伤害排名！,DeathPosRankPopup/Panel/Scroll/Empty/talkImage/Text
10585,发红包榜,DeathPosRankPopup/Panel/TabBox/tab/Text
10586,宝箱在公会战结束后产生，每个成员可开启1次，试试手气吧！,DeathPosRewardPopup/Panel/Bg/Tip
10587,战绩奖励宝箱,DeathPosRewardPopup/Panel/Title
10588,点击领取,DeathPosRewardPopup/Panel/Scroll/Pre/Name
10589,暂无可领取奖励！,DeathPosRewardPopup/Panel/Empty/talkImage/Text
10590,公会活跃,GuildActivePointPopup/bg/Text
10591,任务概述,GuildActivePointPopup/bg/Image/Image/Text
10592,次数上限,GuildActivePointPopup/bg/Image/Image/Text
10593,单次活跃,GuildActivePointPopup/bg/Image/Image/Text
10594,活跃等级:,GuildActivePointPopup/bg/Property/ActiveLv/Text
10595,当前属性,GuildActivePointPopup/bg/Property/CurPro/Text
10596,下级属性,GuildActivePointPopup/bg/Property/NextPro/Text
10597,已到达等级上限,GuildActivePointPopup/bg/Property/MaxFont
10598,已获得全部奖励,GuildActivePointPopup/bg/Reward/AllGet
10599,今日已获得活跃度,GuildActivePointPopup/bg/ActiveNum/Today/Text
10600,本周已获得活跃度,GuildActivePointPopup/bg/ActiveNum/Week/Text
10601,申请列表,GuildApplyPopup/Title
10602,同意,GuildApplyPopup/content/verify/scrollpos/verify/btnAgree/text
10603,暂无申请信息,GuildApplyPopup/content/verify/empty/Image/Text
10604,一键清空,GuildApplyPopup/content/verify/btnbg/clear/Text
10605,一键同意,GuildApplyPopup/content/verify/btnbg/agree/Text
10606,排名前3的公会可开启<color=#ffd12b>战果宝箱</color>获得额外随机奖励,GuildBattlePanel/rewardRankPanel/guildRank/Text
10607,奖池预览,GuildBattlePanel/rewardRankPanel/guildRank/btnPreview/Text
10608,排名奖励,GuildBattlePanel/rewardRankPanel/guildRank/Image/Text
10609,战果宝箱,GuildBattlePanel/rewardRankPanel/guildRank/Image/Text
10610,我的公会,GuildBattlePanel/rewardRankPanel/myRank/Image/Text
10611,仅排名前3的公会可领取战果宝箱,GuildBattlePanel/boxPanel/content/Image/Image/Text
10612,开箱玩家名字,GuildBattlePanel/boxPanel/scroll/pre/name/Text
10613,金字塔黑,GuildBattlePanel/chanageInfo/Image/name
10614,区域隶属,GuildBattlePanel/chanageInfo/content/Image/Text
10615,区域守卫,GuildBattlePanel/chanageInfo/content/formation/Image/Text
10616,名称,GuildBattlePanel/chanageInfo/rank/Image/Text
10617,伤害量,GuildBattlePanel/chanageInfo/rank/Image/Text
10618,修改名称消耗,GuildChangePopup/tipImage/btnCreate/costTips/TL
10619,最多输入32个字,GuildChangePopup/tipImage/content/announce/content/Placeholder
10620,公会宣言：,GuildChangePopup/tipImage/content/announce/content/Text
10621,开启验证,GuildChangePopup/tipImage/content/setting/verify/isVerify/level
10622,入会等级,GuildChangePopup/tipImage/content/setting/level/level
10623,请输入公会名称（2-6字\r）,GuildChangePopup/tipImage/content/gname/content/Placeholder
10624,公会名称：,GuildChangePopup/tipImage/content/gname/content/Text
10625,创建公会,GuildCreatePopup/tipImage/title
10626,创建,GuildCreatePopup/tipImage/btnCreate/Text
10627,公会名称2-6个字\r,GuildCreatePopup/tipImage/name/Placeholder
10628,英雄集结，一同探索未知大陆!,GuildCreatePopup/tipImage/content/roleNameSearchText
10629,捐献,GuildFetePopup/Panel/bg/Text
10630,公会等级,GuildFetePopup/Panel/info/Text
10631,下一等级,GuildFetePopup/Panel/info/Text
10632,1级,GuildFetePopup/Panel/info/GuildLevel
10633,金钱捐献,GuildFetePopup/Panel/Content/Item1/Text
10634,公会贡献,GuildFetePopup/Panel/Content/Item1/reward1
10635,公会经验,GuildFetePopup/Panel/Content/Item1/reward2
10636,钻石捐献,GuildFetePopup/Panel/Content/Item2/Text
10637,尊贵捐献,GuildFetePopup/Panel/Content/Item3/Text
10638,每人每日可以捐献1次，凌晨5点重置,GuildFetePopup/Panel/Tip
10639,推荐公会,GuildFindPopup/Title/text
10640,人数,GuildFindPopup/scrollpos/item/Txt
10641,限制,GuildFindPopup/scrollpos/item/limit
10642,加入,GuildFindPopup/scrollpos/item/btn/text
10643,输入搜索公会名称,GuildFindPopup/bottomImage/InputField/Placeholder
10644,搜索,GuildFindPopup/bottomImage/searchButton/Text
10645,一键申请,GuildFindPopup/bottomImage/addBtn/Text
10646,隐藏满员公会,GuildFindPopup/bottomImage/UnfullFilter/Label
10647,成员列表,GuildInfoPopup/Title
10648,公会等级：,GuildInfoPopup/content/info/level
10649,级,GuildInfoPopup/content/info/level/tip
10650,公会会长：,GuildInfoPopup/content/info/master
10651,公会成员：,GuildInfoPopup/content/info/member
10652,解散公会,GuildInfoPopup/content/info/option/box/dimiss/time
10653,在线:,GuildInfoPopup/content/members/title/status
10654,职位：,GuildInfoPopup/content/members/scrollpos/mem/pos/txt
10655,贡献：,GuildInfoPopup/content/members/scrollpos/mem/GiveAll/txt
10656,今日贡献：,GuildInfoPopup/content/members/scrollpos/mem/GiveToday/txt
10657,活跃等级：,GuildInfoPopup/content/members/scrollpos/mem/GiveLevel/txt
10658,退出公会,GuildInfoPopup/content/members/quit/Text
10659,发布招募,GuildInfoPopup/content/members/ManageBtns/invite/Text
10660,查看申请,GuildInfoPopup/content/members/ManageBtns/ApplicationList/Text
10661,按钮中可执行任命、转让、移除等权限操作,GuildInfoPopup/content/members/ManageBtns/tip/Text
10662,申请名单,GuildInfoPopup/content/verify/title/name
10663,审批,GuildInfoPopup/content/verify/title/status
10664,拒 绝,GuildInfoPopup/content/verify/scrollpos/verify/btnRefuse/text
10665,同 意,GuildInfoPopup/content/verify/scrollpos/verify/btnAgree/text
10666,公会信息,GuildInfoPopup/top/tab/Text
10667,公会日志,GuildInfoPopup/log/bg/Title
10668,会长,GuildMainCityPanel/Panel/info/master
10669,成员,GuildMainCityPanel/Panel/info/member
10670,招募,GuildMainCityPanel/Panel/rightBtn/InviteBtn/Text
10671, 日志,GuildMainCityPanel/Panel/rightBtn/GuildLogBtn/Text
10672,入会设置,GuildMainCityPanel/Panel/rightBtn/RequirementBtn/Text
10673,编辑,GuildMainCityPanel/Panel/declaration/ChangeDeclarationBtn/Text
10674,活跃,GuildMainCityPanel/Panel/downBtn/btnAction/Text
10675,公会战,GuildMainCityPanel/Panel/downBtn/btnTenPos/Text
10676,副本,GuildMainCityPanel/Panel/downBtn/btntranscript/Text
10677,科技,GuildMainCityPanel/Panel/downBtn/btnSkill/Text
10678,当前在线：,GuildMemberPopup/content/members/title/status
10679,职位,GuildMemberPopup/content/members/scrollpos/mem/pos/txt
10680,贡献,GuildMemberPopup/content/members/scrollpos/mem/GiveAll/txt
10681,今日活跃,GuildMemberPopup/content/members/scrollpos/mem/GiveToday/txt
10682,活跃等级,GuildMemberPopup/content/members/scrollpos/mem/GiveLevel/txt
10683,按钮可执行任命、转让、移除等权限操作,GuildMemberPopup/content/ManageBtns/tip/Text
10684,公会红包,RedPacketPanel/Panel/bg/Text
10685,今日可发数量,RedPacketPanel/Panel/Contents/SendView/SurplusNum
10686,红包信息,RedPacketPanel/Panel/Contents/SendView/Info/Bg/Text
10687,红包金额,RedPacketPanel/Panel/Contents/SendView/Info/Num
10688,个数,RedPacketPanel/Panel/Contents/SendView/Info/Count
10689,红包寄语,RedPacketPanel/Panel/Contents/SendView/Info/Message
10690,发放者奖励,RedPacketPanel/Panel/Contents/SendView/Info/Reward
10691,当前没有可抢的红包,RedPacketPanel/Panel/Contents/GetView/NoInfo/Text
10692,暂无排行,RedPacketPanel/Panel/Contents/RankView/NoRank/Text
10693,的红包,RedPacketPopup/Panel/Info/PlayerInfo/Name/Text
10694,剩余个数,RedPacketPopup/Panel/Info/SurplusNum
10695,剩余时间,RedPacketPopup/Panel/Info/SurplusTime
10696,本人,RedPacketPopup/Panel/ScrollRoot/RedPacketPre/SelfBG/Text
10697,运气最佳,RedPacketPopup/Panel/ScrollRoot/RedPacketPre/PlayerHead/BestImage/Text
10698,公会科技,GuildSkillUpLvPopup/bg/Image/Text
10699,科技效果,GuildSkillUpLvPopup/bg/Image/Image/Text
10700,公会副本,GuildTranscriptMainPopup/bg/Image/Text
10701, 公会全员攻击力,GuildTranscriptMainPopup/bg/upPanel/attackInfo/attackInfoText
10702,今日挑战次数,GuildTranscriptMainPopup/bg/upPanel/endNumBtn/endNumText
10703,剩余购买次数,GuildTranscriptMainPopup/bg/upPanel/endNumBtn/endNumBuyText
10704,伤害排行,GuildTranscriptMainPopup/bg/rank/Image/Text
10705,集结号,GuildTranscriptMainPopup/bg/sendBtn/Text
10706,伤害奖励,GuildTranscriptMainPopup/bg/rewardGo/Image/Text
10707,击杀奖励,GuildTranscriptMainPopup/bg/rewardGo/Image/Text
10708,（2件激活）,HandBookEquipInfoPanel/Content/bg/proPre/proVale
10709,套装属性,HandBookEquipInfoPanel/Content/bg/proRect/GameObject/Text
10710,下列特性中随机生成1条,HandBookEquipInfoPanel/Content/bg/skillObject/GameObject/Text (1)
10711,英雄资料,HandBookHeroInfoPanel/roleStoryLayout/title/Text
10712,首次获得,HandBookHeroInfoPanel/roleStoryLayout/reward/Tip
10713,属性详情,HandBookHeroInfoPanel/roleInfoLayout/Info
10714,生命,HandBookHeroInfoPanel/roleInfoLayout/Info/pro/hp/proName
10715,攻击,HandBookHeroInfoPanel/roleInfoLayout/Info/pro/atk/proName
10716,防御,HandBookHeroInfoPanel/roleInfoLayout/Info/pro/phyDef/proName
10717,速度,HandBookHeroInfoPanel/roleInfoLayout/Info/pro/Speed/proName
10718,定位,HandBookHeroInfoPanel/posBtn/text
10719,信息,HandBookHeroInfoPanel/btnList/btnInfo/Unchecked/name2
10720,资料,HandBookHeroInfoPanel/btnList/btnStory/Unchecked/name2
10721,挑战记录,HegemonyChallengePopup/BG/Text
10722,阵型,HegemonyChallengePopup/itemPre/InfoShow/formationName
10723,挑战进化成功次数,HegemonyChallengePopup/itemPre/InfoShow/challengeRes
10724,点击挑战,HegemonyPanel/content/show1/null
10725,挑战条件\n,HegemonyPanel/content/condition/Text
10726,苍穹战神：,HegemonyPanel/content/condition/Text
10727,血界王座：,HegemonyPanel/content/condition/Text
10728,挑战者：,HegemonyPanel/content/condition/Text
10729,竞技场排名前<color=#FFD12B>10</color>,HegemonyPanel/content/condition/Text
10730,竞技场排名前<color=#FFD12B>20</color>,HegemonyPanel/content/condition/Text
10731,竞技场排名前<color=#FFD12B>50</color>,HegemonyPanel/content/condition/Text
10732,挑战信息,HegemonyPopup/Mask/Text
10733,挑战成功会获得称号并增加战斗难度,HegemonyPopup/BG/Text
10734,被动技能,HegemonyPopup/BG/Image/Text
10735,奖励称号,HegemonyPopup/BG/Image/tip
10736,已进化,HegemonyPopup/BG/Tips
10737,属性加成,HegemonyPopup/Pros/pros
10738,当前占有者,HegemonyPopup/Pros/possessorHead/SelectText
10739,虚位以待,HegemonyPopup/Pros/possessorHead/noPlayer
10740,进化 <color=#FFD12B><B><size=40>1</size></B></color> 次,HegemonyPopup/Pros/evolveBtns/evolveBtn1/Text
10741,进化 <color=#FFD12B><B><size=40>5</size></B></color> 次,HegemonyPopup/Pros/evolveBtns/evolveBtn2/Text
10742,进化 <color=#FFD12B><B><size=40>10</size></B></color> 次,HegemonyPopup/Pros/evolveBtns/evolveBtn3/Text
10743,（请谨慎选择）,HegemonyPopup/Pros/evolveBtns/evolveBtn3/Text/Text
10744,已占有,HegemonyPopup/btns/alreadyChallenge/Text
10745,竞技场,HegemonyPopup/btns/arenaBtn/Text
10746,提示,HegemonyTipPopup/Title
10747,你已获得其他称号，是否还要继续挑战,HegemonyTipPopup/tip
10748,7-9星英雄回溯将返还本体和同阵营随机英雄碎片,HeroExchangePanel/Panel/Content/HeroExchangePanel_NormalBack/bg/Tip
10749,回溯预览,HeroExchangePanel/Panel/Content/HeroExchangePanel_NormalBack/bg/Tip
10750,9星以上英雄可回溯至9星，并返还培养消耗,HeroExchangePanel/Panel/Content/HeroExchangePanel_AdvBack/bg/Tip
10751,选择重组后英雄,HeroExchangePanel/Panel/Content/HeroExchangePanel_Exchange/bg/ChooseTarget/Name
10752,暂无可选英雄,HeroExchangePanel/Panel/SelectHero/Scroll/noHero/Text
10753,回溯,HeroExchangePanel/Panel/SelectHero/downPanel/GoBtn1/Text
10754,英雄选择,HeroListPopup/bg/Text
10755,选定,HeroListPopup/bg/btnSure/Text
10756,上阵中,HeroListPopup/item/formationMask/formationImage/upImage/Text
10757,对手信息,LaddersChallengeRecordPanel/content/LaddersMyRecord/prefab/bg/Text
10758,每天点赞可获得积分奖励,LaddersKingPanel/Bg/Text
10759,参赛条件：各服竞技场排名进入前<color=#ffd12b>100</color>名,LaddersMainPanel/content/challengePanel/tip
10760,我的排名!,LaddersMainPanel/content/challengePanel/rank/Text
10761,一键挑战,LaddersMainPanel/content/challengePanel/allChallengeBtn/Text
10762,巅峰排行,LaddersMainPanel/content/rankPanel/title
10763,奖励将在周日23:00通过邮件发放,LaddersMainPanel/content/rewardPanel/myReward/tip/Text
10764,挑战阵容,LaddersPlayerInfoPopup/bg/title
10765,排名:,LaddersPlayerInfoPopup/info/rankName
10766,公会:,LaddersPlayerInfoPopup/info/allianceName
10767,战斗阵容:,LaddersPlayerInfoPopup/defendbox/tip
10768,防御阵容,LaddersPlayerInfoPopup/box/btn1/Text
10769,无限战争,LaddersTypePanel/Bg/Title/title
10770,此过程不消耗流量,LoadingPanel/Slider/Image/Text
10771,跳过,BackGroundInfoPanel/Button_Jump/Text
10772,请输入账号名……,LoginPanel/fx_map_Effect_youxikaishi/Image effect/InputField/Placeholder
10773,账号,LoginPanel/fx_map_Effect_youxikaishi/Image effect/InputField/Text
10774,切换账号,LoginPanel/fx_map_Effect_youxikaishi/Image effect/btnUser/Text
10775,公告,LoginPanel/fx_map_Effect_youxikaishi/Image effect/btnNotice/Text
10776,抵制不良游戏，拒绝盗版游戏。注意自我保护，谨防受骗上当。,LoginPanel/fx_map_Effect_youxikaishi/Image effect/Text
10777,适度游戏益脑，沉迷游戏伤身。合理安排时间，享受健康生活。,LoginPanel/fx_map_Effect_youxikaishi/Image effect/Text (2)
10778,使用条款,LoginPanel/fx_map_Effect_youxikaishi/Image effect/LoginPanel_Btn1/Text
10779,个人信息,LoginPanel/fx_map_Effect_youxikaishi/Image effect/LoginPanel_Btn2/Text
10780,登录,LoginPopup/Frame/Title
10781,请输入账号（2~12个字符）,LoginPopup/Frame/InputField/Placeholder
10782,密码,LoginPopup/Frame/text
10783,请输入密码（2~12个字符）,LoginPopup/Frame/PwInputField/Placeholder
10784,注册,LoginPopup/Frame/btnRegist/Text
10785,输入账号点击注册按钮即代表注册了账号和密码相同的新用户,LoginPopup/Frame/hintText
10786,游戏公告,NoticePopup/bg/Text
10787,注册账号,RegistPopup/Frame/Title
10788,确认密码,RegistPopup/Frame/text
10789,返回登录,RegistPopup/Frame/btnBack/Text
10790,确认注册,RegistPopup/Frame/btnRegist/Text
10791,服务器选择,ServerListSelectPanel/bg/Text
10792,流畅,ServerListSelectPanel/serverState/state_1/stateName
10793,拥挤,ServerListSelectPanel/serverState/state_2/stateName
10794,爆满,ServerListSelectPanel/serverState/state_3/stateName
10795,维护,ServerListSelectPanel/serverState/state_4/stateName
10796,快捷登录,ServerListSelectPanel/quickLogin/title
10797,最近登录,ServerListSelectPanel/quickLogin/serverItemRecent/Image/Text
10798,邮件,MailMainPanel/bg/titleText
10799,超过3日将自动删除已读邮件,MailMainPanel/bg/DeleMialText
10800,删除已读,MailMainPanel/DelReadMailBtn/Text
10801,内网GM工具,GMPanel/title/Text
10802,玩家,GMPanel/Scroll View/Viewport/Content/ProcessCtrl/Text
10803,修改名字,GMPanel/Scroll View/Viewport/Content/ProcessCtrl/name/InputField/Placeholder
10804,输入玩家等级,GMPanel/Scroll View/Viewport/Content/ProcessCtrl/playerLevel/InputField/Placeholder
10805,确认升级,GMPanel/Scroll View/Viewport/Content/ProcessCtrl/playerLevel/Button/Text
10806,输入vip等级,GMPanel/Scroll View/Viewport/Content/ProcessCtrl/vipLevel/InputField/Placeholder
10807,确认等级,GMPanel/Scroll View/Viewport/Content/ProcessCtrl/vipLevel/Button/Text
10808,输入充值数,GMPanel/Scroll View/Viewport/Content/ProcessCtrl/recharge/InputField/Placeholder
10809,确认充值,GMPanel/Scroll View/Viewport/Content/ProcessCtrl/recharge/Button/Text
10810,道具ID#数量,GMPanel/Scroll View/Viewport/Content/ProcessCtrl/item/InputField/Placeholder
10811,生成道具,GMPanel/Scroll View/Viewport/Content/ProcessCtrl/item/Button/Text
10812,英雄ID#星级,GMPanel/Scroll View/Viewport/Content/ProcessCtrl/hero/InputField/Placeholder
10813,生成英雄,GMPanel/Scroll View/Viewport/Content/ProcessCtrl/hero/Button/Text
10814,法宝ID#星级,GMPanel/Scroll View/Viewport/Content/ProcessCtrl/magicWeapon/InputField/Placeholder
10815,生成法宝,GMPanel/Scroll View/Viewport/Content/ProcessCtrl/magicWeapon/Button/Text
10816,圣物ID,GMPanel/Scroll View/Viewport/Content/ProcessCtrl/holyItem/InputField/Placeholder
10817,添加圣物,GMPanel/Scroll View/Viewport/Content/ProcessCtrl/holyItem/Button/Text
10818,天宫秘宝积分,GMPanel/Scroll View/Viewport/Content/ProcessCtrl/scoreOfHeaven/InputField/Placeholder
10819,增加积分,GMPanel/Scroll View/Viewport/Content/ProcessCtrl/scoreOfHeaven/Button/Text
10820,功能,GMPanel/Scroll View/Viewport/Content/ProcessCtrl/Text
10821,任务ID,GMPanel/Scroll View/Viewport/Content/ProcessCtrl/task/InputField/Placeholder
10822,完成任务,GMPanel/Scroll View/Viewport/Content/ProcessCtrl/task/Button/Text
10823,主线关卡ID,GMPanel/Scroll View/Viewport/Content/ProcessCtrl/threadLevel/InputField/Placeholder
10824,通关,GMPanel/Scroll View/Viewport/Content/ProcessCtrl/threadLevel/Button/Text
10825,神之塔：关卡层数,GMPanel/Scroll View/Viewport/Content/ProcessCtrl/tower/InputField/Placeholder
10826,神之塔选关,GMPanel/Scroll View/Viewport/Content/ProcessCtrl/tower/Button/Text
10827,异端之战：关卡ID,GMPanel/Scroll View/Viewport/Content/ProcessCtrl/battleOfHeresy/InputField/Placeholder
10828,深渊试炼选关,GMPanel/Scroll View/Viewport/Content/ProcessCtrl/defensiveTraining/InputField/Placeholder
10829,关卡ID,GMPanel/Scroll View/Viewport/Content/ProcessCtrl/？？/InputField/Placeholder
10830,通关第几关,GMPanel/Scroll View/Viewport/Content/ProcessCtrl/？？/Button/Text
10831,区域ID,GMPanel/Scroll View/Viewport/Content/ProcessCtrl/foreignEnemy/InputField/Placeholder
10832,解锁外敌,GMPanel/Scroll View/Viewport/Content/ProcessCtrl/foreignEnemy/Button/Text
10833,兽潮波次,GMPanel/Scroll View/Viewport/Content/ProcessCtrl/animalTide/InputField/Placeholder
10834,试炼选层,GMPanel/Scroll View/Viewport/Content/ProcessCtrl/trialLevelJump/InputField/Placeholder
10835,跳转,GMPanel/Scroll View/Viewport/Content/ProcessCtrl/trialLevelJump/Button/Text
10836,跳转ID,GMPanel/Scroll View/Viewport/Content/ProcessCtrl/jump/InputField/Placeholder
10837,测试战斗：输入怪物表id，进入战斗,GMPanel/Scroll View/Viewport/Content/ProcessCtrl/testBattle/InputField/Placeholder
10838,开始战斗,GMPanel/Scroll View/Viewport/Content/ProcessCtrl/testBattle/Button1/Text
10839,测试战斗,GMPanel/Scroll View/Viewport/Content/ProcessCtrl/testBattle/Button2/Text
10840,输入FakeBattleNew表ID进入战斗,GMPanel/Scroll View/Viewport/Content/ProcessCtrl/fakeBattle/InputField/Placeholder
10841,假战斗开始,GMPanel/Scroll View/Viewport/Content/ProcessCtrl/fakeBattle/Button/Text
10842,胜利次数模拟：输入MonsterGroup#次数,GMPanel/Scroll View/Viewport/Content/ProcessCtrl/battleNum/InputField/Placeholder
10843,胜利次数0次,GMPanel/Scroll View/Viewport/Content/ProcessCtrl/battleNum/Button/Text
10844,3#1(1:有0:无附件)#id，num|id，num,GMPanel/Scroll View/Viewport/Content/ProcessCtrl/mail/InputField/Placeholder
10845,发邮件,GMPanel/Scroll View/Viewport/Content/ProcessCtrl/mail/Button/Text
10846,功能引导:例如竞技场引导:2#8，引导类型#globalSystem的Id,GMPanel/Scroll View/Viewport/Content/ProcessCtrl/guide/InputField/Placeholder
10847,引导跳转,GMPanel/Scroll View/Viewport/Content/ProcessCtrl/guide/Button/Text
10848,生成五个12星英雄,GMPanel/Scroll View/Viewport/Content/btns/getFiveHeroBtn/Text
10849,角色100级,GMPanel/Scroll View/Viewport/Content/btns/maxLvBtn/Text
10850,很多钱,GMPanel/Scroll View/Viewport/Content/btns/getMoneyBtn/Text
10851,所有守护解锁,GMPanel/Scroll View/Viewport/Content/btns/artifactBtn/Text
10852,解锁全部支援,GMPanel/Scroll View/Viewport/Content/btns/artifactBtn/Text
10853,通关所有关卡,GMPanel/Scroll View/Viewport/Content/btns/fightPass/Text
10854,所有道具(9999)所有英雄(1)所有装备(1),GMPanel/Scroll View/Viewport/Content/btns/allItemBtn/Text
10855,所有异妖,GMPanel/Scroll View/Viewport/Content/btns/diffMonsterBtn/Text
10856,所有上阵英雄全满级,GMPanel/Scroll View/Viewport/Content/btns/allHeroFullLevelBtn/Text
10857,科技树,GMPanel/Scroll View/Viewport/Content/btns/tecTreeBtn/Text
10858,血战匹配,GMPanel/Scroll View/Viewport/Content/btns/mapFightBtn/Text
10859,测试跳过序章,GMPanel/Scroll View/Viewport/Content/btns/passMapBtn/Text
10860,当前服务器时间:,GMPanel/Scroll View/Viewport/Content/TimeCtrl/Text
10861,服务器开服时间:,GMPanel/Scroll View/Viewport/Content/TimeCtrl/Text
10862,服务器创建角色时间:,GMPanel/Scroll View/Viewport/Content/TimeCtrl/Text
10863,修改服务器当前时间:,GMPanel/Scroll View/Viewport/Content/TimeCtrl/updateServerNowTime
10864,确认修改,GMPanel/Scroll View/Viewport/Content/TimeCtrl/updateServerNowTime/Button/Text
10865,修改时间输入格式如右例：,GMPanel/Scroll View/Viewport/Content/TimeCtrl/example
10866,启明星科技,MainPanel/scene/layer1/btnEquipInformationCenter/Text
10867,超市,MainPanel/scene/layer1/btnShangdian/Text
10868,黑市,MainPanel/scene/layer1/btnheishi/Text
10869,医院,MainPanel/scene/layer1/btnzhihuan/Text
10870,俱乐部,MainPanel/scene/layer1/btnElementDrawCard/Text
10871,猎头公司,MainPanel/scene/layer1/btnRecruit/Text
10872,地下竞技,MainPanel/scene/layer1/btnJingjichang/Text
10873,人事处,MainPanel/scene/layer1/btnFenjie/Text
10874,先驱手札,MainPanel/LeftDown/btnZhanZhengXueYuan/Text
10875,日常,MainPanel/RightDown/btnRoot/btnDailyMission/Image/Text
10876,购买礼包可获得VIP积分,MainRechargePanel/content/GiftShop/Bg/bg/Text
10877,一键购买,MainRechargePanel/content/GiftShop/Bg/buyAll/buyAllBtn/Text
10878,总价：,MainRechargePanel/content/GiftShop/Bg/buyAll/totalPrice
10879,原价：,MainRechargePanel/content/GiftShop/Bg/buyAll/originalPrice
10880,额外赠送,MainRechargePanel/content/GiftShop/Bg/ItemPre/tip/tip1/Text
10881,总计价值：,MainRechargePanel/content/GiftShop/Bg/ItemPre/tip/tip1/Text
10882,永久限购,MainRechargePanel/content/GiftShop/Bg/ItemPre/tipImage/Text
10883,累计充值,MainRechargePanel/content/GiftShop/Bg/ItemPre/context2/tip
10884,累计获得,MainRechargePanel/content/VipPanel/privilegeRootBg/privilegeRoot/chargeTip/head
10885,充值积分可享受以下福利,MainRechargePanel/content/VipPanel/privilegeRootBg/privilegeRoot/chargeTip/middle
10886,特权礼包,MainRechargePanel/content/VipPanel/gfitContentBg/gfitContent/title/Text
10887,购买,MainRechargePanel/content/VipPanel/gfitContentBg/gfitContent/btnBuy/Text
10888,激活月卡每日额外获得专属奖励,MainRechargePanel/content/VipPanel/dailyGiftBg/dailyGift/Bg/cardBg/tip
10889,待激活,MainRechargePanel/content/VipPanel/dailyGiftBg/dailyGift/btnGet/Text
10890,阵亡复活,MapPanel/RevivePanel/bg/Name
10891,爆破,MapPanel/rightDown/btnBomb/Text
10892,增益,MapPanel/rightDown/buff/name
10893,商人,MapPanel/rightDown/shop/name
10894,军备商店,MapPanel/rightDown/shop/Text
10895,请选择进行挑战的英雄,MapPanel/centerDown/selectHero/tip
10896,暂不挑战,MapPanel/centerDown/enemyInfo/cancelBtn/Text
10897,进入战斗,MapPanel/centerDown/enemyInfo/fightBtn/Text
10898,据点详情,ShowEnemyInfoPanel/Text
10899,请选择出战的英雄,ShowEnemyInfoPanel/EnemyInfo/bottomBar/Image/Text
10900,有奖问答,TrialMiniGamePanel/Game_13/bg/Text
10901,开始,TrialMiniGamePanel/Game_17/Button/Text
10902,已激活:,MedalAssembleChoosePopup/bg/scheme/suitVaule
10903,一键卸下,MedalAssembleChoosePopup/bg/scheme/downBtn/text
10904,芯片更换,MedalChangelPopup/bg/Text
10905,基础,MedalChangelPopup/ItemPre/base
10906,随机,MedalChangelPopup/ItemPre/random
10907,芯片转换,MedalConversionPopup/bg/Text
10908,可以把稀有芯片转化成同品质同星级的指定类型芯片，转换后随机属性重置,MedalConversionPopup/bg/tip
10909,卸下,MedalParticularsPopup/bg/Btns/DownBtn/text
10910,出售,MedalParticularsPopup/bg/Btns/SellBtn/text
10911,重写,MedalParticularsPopup/bg/Btns/TeachBtn/text
10912,更换,MedalParticularsPopup/bg/Btns/ChangelBtn/text
10913,穿戴,MedalParticularsPopup/bg/Btns/WearBtn/text
10914,转化,MedalParticularsPopup/bg/Btns/ConversionBtn/text
10915,芯片已装配给以下英雄，是否继续？,MedalSameTipPopup/tip
10916,芯片套装管理,MedalSuitPopup/bg/Text
10917,格斗,MedalSuitPopup/scheme/medalGroup/medal2/no/Text
10918,生存,MedalSuitPopup/scheme/medalGroup/medal3/no/Text
10919,合作,MedalSuitPopup/scheme/medalGroup/medal4/no/Text
10920,当前装配,MedalSuitPopup/scheme/nameTip
10921,解锁,MedalSuitPopup/item/activeFalse/buyBtn/Text
10922,修改套装名称,MedalSuitPopup/mask2/bg/Name
10923,请输入名称（2~12个字符）,MedalSuitPopup/mask2/bg/setName/Placeholder
10924,芯片重写,MedalTeachPopup/bg/Text
10925,重写前,MedalTeachPopup/bg/randomBefore/nameTip
10926,锁定需花费,MedalTeachPopup/bg/randomBefore/costTip
10927,锁定属性,MedalTeachPopup/bg/randomBefore/lockBtn1/Text
10928,重写后,MedalTeachPopup/bg/randomAfter/nameTip
10929,随机属性：？？？,MedalTeachPopup/bg/randomAfter/none1
10930,已重写至最大的属性不会下降，但在不锁定下会改变该类型,MedalTeachPopup/bg/randomAfter/tip
10931,今日不再弹出,MsgPanel/panel/Toggle/Text
10932,恭喜获得,PopupTipPanel/colorItem/root/Text
10933,连接中,RequestPanel/mask/Text
10934,是否花费,BattleOfMinskBuyCountPopup/buttom/content/text1
10935,本日不再弹出,BattleOfMinskBuyCountPopup/buttom/Toggle/Text
10936,全服累计伤害,BattleOfMinskHurtRewardSortPopup/bg/Text
10937,获得奖励,BattleOfMinskHurtRewardSortPopup/bg/Text
10938,单次最高,BattleOfMinskHurtSortPopup/RankPanel/ItemPrefab/bg/Image/Text
10939,暗影梦魇,BattleOfMinskMainPanel/Bg/EnemyInfo/enemyName
10940,剩余挑战时间：,BattleOfMinskMainPanel/Bg/EnemyInfo/challengeTime
10941,BOSS 技能,BattleOfMinskMainPanel/BossSkillList/title/Text
10942,梦魇商城,BattleOfMinskMainPanel/StoreBtn/Text
10943,梦魇起源,BattleOfMinskMainPanel/OriginBtn/Text
10944,全服累计伤害越高奖励越高,BattleOfMinskMainPanel/FullServerHurt/Tips/Text
10945,今日最高伤害：,BattleOfMinskMainPanel/FullServerHurt/myMaxHurt/Text
10946,开始讨伐,BattleOfMinskMainPanel/FullServerHurt/challengeBtn/Text
10947,剩余挑战次数：,BattleOfMinskMainPanel/FullServerHurt/down/count
10948,奖励道具,BattleOfMinskRewardSortPopup/bg/Name
10949,奖励每日22:00通过邮件发放,BattleOfMinskRewardSortPopup/Record/tip
10950,提交,MissionDailyPanel/Contents/MissionDailyPanel_Achievement/rewardPre/receiveBtn/Text
10951,深渊试炼,MonsterCampPanel/Bg/bg/title
10952,副本奖励：,MonsterCampPanel/Bg/reward/Text
10953,查看详情,MonsterCampPanel/Bg/reward/detail/Text
10954,即将来袭,MonsterCampPanel/Bg/btnWave/Text
10955,选择一位好友的英雄帮助,MonsterCampPanel/Bg/btnFrind/Text (1)
10956,重新开始,MonsterCampPanel/Bg/btnFight/Text
10957,挑战怪物,MonsterCampPanel/Bg/monsterRoot/frame/Text
10958,突破值,NiuQiChongTianPanel/bg/mid/progress/niu/Text
10959,下档奖励倒计时,OnlineRewardPanel/show/timeCount/Image/words
10960,时,OnlineRewardPanel/show/timeCount/Image/Text
10961,分,OnlineRewardPanel/show/timeCount/Image/Text (1)
10962,秒,OnlineRewardPanel/show/timeCount/Image/Text (2)
10963,定期刷新 每档均可获得充值积分,OperatingPanel/bg/pageContent/page_1/rzyBg/bg/title/Text
10964,激活30天月卡,OperatingPanel/bg/pageContent/page_2/smallImg/day/Text1/Text
10965,当前获得：,OperatingPanel/bg/pageContent/page_2/smallImg/jiHuo/progress_bg/title/title
10966,立即激活,OperatingPanel/bg/pageContent/page_2/smallImg/jiHuo/small/Text
10967,累计充值98元即可激活30天豪华月卡,OperatingPanel/bg/pageContent/page_2/bigImg/day/Text1
10968,激活后每日可领       120,OperatingPanel/bg/pageContent/page_2/bigImg/day/Text2
10969,33倍,OperatingPanel/bg/pageContent/page_3/Bg/bg/title/Text
10970,返利伴你成长,OperatingPanel/bg/pageContent/page_3/Bg/bg/title/Text (1)
10971,累计返还,OperatingPanel/bg/pageContent/page_3/Bg/bg/title/Text (2)
10972,钻石,OperatingPanel/bg/pageContent/page_3/Bg/bg/title/Text (4)
10973,激活后同时获得,OperatingPanel/bg/pageContent/page_3/Bg/bg/Image/Tips1
10974,每日仅需充值6元,OperatingPanel/bg/pageContent/page_4/title1
10975,便可领取超值大奖,OperatingPanel/bg/pageContent/page_4/title2
10976,丰厚奖励等你来，每月1号重置奖励,OperatingPanel/bg/pageContent/page_5/signList/Image/Text
10977,激活<color=#FFD12B><size=36>晓月礼装</size></color>可购买，购买后连续<color=#FFD12B><size=36>30日</size></color>获得每日豪华奖励<color=#90DCF3>（奖励每日邮件自动发放）</color>,OperatingPanel/bg/pageContent/page_7/Panel/title
10978,总价值：,OperatingPanel/bg/pageContent/page_7/Panel/cost/head
10979,部分奖励预览,OperatingPanel/bg/pageContent/page_7/Panel/reward/title
10980,查看全部奖励,OperatingPanel/bg/pageContent/page_7/Panel/reward/btnPreview/Text
10981,第7日,OperatingPanel/bg/pageContent/page_7/Panel/reward/middle/itemPre/name
10982,（奖励每天通过邮件发放）,OperatingPanel/bg/pageContent/page_7/Panel/purchased/tip
10983,购买后立得,OperatingPanel/bg/pageContent/page_7/Panel/buyPart/tip/head
10984,及对应充值积分,OperatingPanel/bg/pageContent/page_7/Panel/buyPart/tip/end
10985,（激活奖励通过邮件发放）,OperatingPanel/bg/pageContent/page_7/Panel/buyPart/tip/tip
10986,晓月礼装用户专享,OperatingPanel/bg/pageContent/page_7/Panel/buyPart/btnBuy/Image/Text
10987,幸运冻死啦科技大厦了空间大,OperatingPanel/bg/pageContent/page_9/content/rect/grid/rewardPre/title/Text
10988,活动时间：周六，周日，周一登录可领取,OperatingPanel/bg/pageContent/page_10/Image/tip
10989,周六礼包,OperatingPanel/bg/pageContent/page_10/gift1/title
10990,周日礼包,OperatingPanel/bg/pageContent/page_10/gift2/title
10991,周一礼包,OperatingPanel/bg/pageContent/page_10/gift3/title
10992,购买立得双倍,OperatingPanel/bg/pageContent/page_11/reward
10993,今日奖励已领取请明日再来,OperatingPanel/bg/pageContent/page_11/received
10994,购买后<color=#88FFA0><size=50>7日</size></color>可领<color=#FFD12B><size=50><b>2888%</b></size></color>超高返利,OperatingPanel/bg/pageContent/page_12/title/Text
10995,无论何时购买都能领取完整奖励,OperatingPanel/bg/pageContent/page_12/Image/Text
10996,推荐有礼,OperatingPanel/bg/tabList/viewPort/tabsContent/tabs_6/Image (6)/Text
10997,装备铸神,PartsMainPopup/Bg/Text
10998,武器,PartsMainPopup/Equips/Equip1/mask/Text
10999,手套,PartsMainPopup/Equips/Equip2/mask/Text
11000,护甲,PartsMainPopup/Equips/Equip3/mask/Text
11001,战靴,PartsMainPopup/Equips/Equip4/mask/Text
11002,铸神技能解锁,PartsMainPopup/Unlock/Image/Text
11003,铸神效果,PartsMainPopup/CastGod/effect/title
11004,已达到最大等级,PartsMainPopup/Max/Text
11005,暂无英雄,PartsMeterialSelectPopup/bg/no/Text
11006,需要%s个%s星同阵营英雄,PartsMeterialSelectPopup/numText
11007,英雄招募,BattleFailPopup/Lose/tip/zhaomu/Text
11008,英雄培养,BattleFailPopup/Lose/tip/peiyang/Text
11009,更换装备,BattleFailPopup/Lose/tip/zhuangbei/Text
11010,提升守护,BattleFailPopup/Lose/tip/shouhu/Text
11011,很遗憾，不要气馁,BattleFailPopup/Lose/Text
11012,变强助手,BattleFailPopup/Lose/beStrongBtn/Text
11013,确认花费,CostConfirmPopup/Panel/box/base/lab
11014,男,CreateNamePopup/createName/boy/Image/Text
11015,女,CreateNamePopup/createName/girl/Image/Text
11016,请输入您的名字,CreateNamePopup/createName/Frame/Text
11017,请输入名字（2~12个字符）,CreateNamePopup/createName/Frame/InputField/Placeholder
11018,更改名字,CreateNamePopup/Frame/Title
11019,请输入更换的名称,CreateNamePopup/Frame/Text
11020,请输入名字（限制6字）,CreateNamePopup/Frame/InputField/Placeholder
11021,首次更改免费哦,CreateNamePopup/Frame/pointText
11022,消耗：          200,CreateNamePopup/Frame/pointCost
11023,拥有改名卡数量：,CreateNamePopup/Frame/card
11024,装备列表,EquipSelectPopup/Panel/BG/Image
11025,暂未装备,EquipSelectPopup/Panel/BG/Image/Text
11026,尚未拥有,EquipSelectPopup/Panel/emptyObj/Text
11027,确认回溯,GeneralPopup/Contents/GeneralPopup_ResolveRecall/TitleText
11028,是否消耗,GeneralPopup/Contents/GeneralPopup_EquipCompound/Body/Text
11029,及材料合成以下装备,GeneralPopup/Contents/GeneralPopup_EquipCompound/Body/Text
11030,确认重置,GeneralPopup/Contents/GeneralPopup_GuildSkillReset/TitleText
11031,重置后获得,GeneralPopup/Contents/GeneralPopup_GuildSkillReset/Body/Text
11032,合成消耗：,GeneralPopup/Contents/GeneralPopup_TreasureCompound/Body/Text
11033,合成获得：,GeneralPopup/Contents/GeneralPopup_TreasureCompound/Body/Text
11034,点击选择所需求助的5星英雄碎片,GeneralPopup/Contents/GeneralPopup_GuildAid/Body/Text
11035,向公会发送求助信息,GeneralPopup/Contents/GeneralPopup_GuildAid/btnSelect/desText
11036,积分宝箱,GeneralPopup/Contents/GeneralPopup_RecruitBox/TitleText
11037,打开一次,GeneralPopup/Contents/GeneralPopup_RecruitBox/OkBtn/Text
11038,挂机收益提升,GeneralPopup/Contents/GeneralPopup_Onhook/bg/Text
11039,补给箱,GeneralPopup/Contents/GeneralPopup_TrialXingYao/TitleText
11040,本轮可使用次数：,GeneralPopup/Contents/GeneralPopup_TrialXingYao/Body/Time
11041,可在异端之战中恢复己方英雄的生命,GeneralPopup/Contents/GeneralPopup_TrialXingYao/Root/Tip
11042,增益效果,GeneralPopup/Contents/GeneralPopup_TrialGain/TitleText
11043,上次未突破历史记录，本次会直接获得如下增益效果：,GeneralPopup/Contents/GeneralPopup_TrialGain/UpTip
11044,仅在此玩法中生效,GeneralPopup/Contents/GeneralPopup_TrialGain/BottomTip
11045,设  置,GeneralPopup/Contents/GeneralPopup_TrialSetting/TitleText
11046,靠近敌人后自动进入战斗,GeneralPopup/Contents/GeneralPopup_TrialSetting/Root/Btn1/Text
11047,下一关,GeneralPopup/Contents/GeneralPopup_TrialToNextFloor/TitleText
11048,前往下一关后无法返回，是否确认前往？,GeneralPopup/Contents/GeneralPopup_TrialToNextFloor/BodyText
11049,确认分解,GeneralPopup/Contents/GeneralPopup_ResolveEquipTreasure/TitleText
11050,(注意：本次出售包含<color=#FFD700>金色</color>或<color=#FF0000>红色</color>装备！),GeneralPopup/Contents/GeneralPopup_EquipBatchSell/BodyText2
11051,次元炸弹威力很大，使用后可清除本层所有小怪，并且召唤本层BOSS,GeneralPopup/Contents/GeneralPopup_TrialBomb/Body/Root
11052,设置,GeneralPopup/Contents/GeneralPopup_RecruitConfirm/TitleText
11053,今日不再弹出此提示,GeneralPopup/Contents/GeneralPopup_RecruitConfirm/Root/Btn1/Text
11054,遗忘能力,GeneralPopup/Contents/GeneralPopup_WarWayForget/TitleText
11055,遗忘该能力需消耗,GeneralPopup/Contents/GeneralPopup_WarWayForget/Root/FontConsume/Text
11056,同时返还,GeneralPopup/Contents/GeneralPopup_WarWayForget/Root/FontBack/Text
11057,购买次数,GeneralPopup/Contents/GeneralPopup_ClimbTowerBuy/TitleText
11058,200购买一次挑战次数？,GeneralPopup/Contents/GeneralPopup_ClimbTowerBuy/Root/Font/Num
11059,转让会长,GeneralPopup/Contents/GeneralPopup_GuildMemSet/btn1/Text
11060,任命副会长,GeneralPopup/Contents/GeneralPopup_GuildMemSet/btn2/Text
11061,分解戒指,GeneralPopup/Contents/GeneralPopup_DecomposePlan/TitleText
11062,分解此戒指，获得以下物品，是否分解？,GeneralPopup/Contents/GeneralPopup_DecomposePlan/BodyText
11063,芯片出售,GeneralPopup/Contents/GeneralPopup_MedalSell/TitleText
11064,出售此芯片可以获得以下材料，是否出售？,GeneralPopup/Contents/GeneralPopup_MedalSell/BodyText
11065,切换本层最终奖励为,GeneralPopup/Contents/GeneralPopup_YiJingBaoKuConfirm/tip
11066,加入公会,GeneralPopup/Contents/GeneralPopup_SheJiCheckGuild/TitleText
11067,本活动为公会活动，是否前往加入公会？,GeneralPopup/Contents/GeneralPopup_SheJiCheckGuild/BodyText
11068,装备重置,GeneralPopup/Contents/GeneralPopup_PartsReset/TitleText
11069,重置可以获得以下材料，是否重置？,GeneralPopup/Contents/GeneralPopup_PartsReset/BodyText
11070,确认遣散,GeneralPopup/Contents/GeneralPopup_OneKeyResolveDismantle/TitleText
11071,是否使用钻石进行扫荡,GeneralPopup/Contents/GeneralPopup_Choose/Root/Toggle/Text
11072,关联账户,GeneralPopup/Contents/GeneralPopup_Binding/TitleText
11073,玩家信息,PlayerInfoPopup/tipImage/title
11074,段位,PlayerInfoPopup/tipImage/panel/info/legionName
11075,主线阵容:,PlayerInfoPopup/tipImage/panel/defendbox/tip
11076,战舰等级:,PlayerInfoPopup/tipImage/panel/defendbox/dragonLevel
11077,加入黑名单,PlayerInfoPopup/tipImage/panel/box/btn1/Text
11078,切磋,PlayerInfoPopup/tipImage/panel/box/btn2/Text
11079,装备特性,RewardEquipSingleShowPopup/bg/Content/skillObject/title/skillTitle
11080,分 解,RewardEquipSingleShowPopup/bg/Content/btnGrid/btnSure/Text
11081,使 用,RewardEquipSingleShowPopup/bg/Content/btnGrid/btnJump/Text
11082,星数：,RewardItemPopup/star/name
11083,自由探索,RewardItemPopup/Content/PlayerInfo/mapExplore/Text
11084,获得积分：,RewardItemPopup/Content/PlayerInfo/guildCarDelay/name
11085,总伤害：,RewardItemPopup/Content/PlayerInfo/guildCarDelay/name
11086,本次伤害：,RewardItemPopup/Content/PlayerInfo/guildDeathPos/curScore/name
11087,历史最高：,RewardItemPopup/Content/PlayerInfo/guildDeathPos/maxScore/name
11088,已通本次异端之战,RewardItemPopup/Content/PlayerInfo/expedition/tipText
11089,继续挑战,RewardItemPopup/Automatic/nextStage/Text
11090,自动继续挑战,RewardItemPopup/Automatic/Toggle/Label
11091,先手,RoleGetInfoPopup/RoleInfo/pro/speed/proName
11092,评分,RoleGetInfoPopup/RoleInfo/recommend/Sign
11093,获取方式,RoleGetInfoPopup/RoleInfo/btnGet/Text
11094,冒险中,RoleInfoPopup/Panel/Scroll View/Viewport/Content/RoleInfo0/Head/adventured/Image/Text
11095,进阶：,RoleInfoPopup/Panel/Scroll View/Viewport/Content/RoleInfo0/Text
11096,攻击：,RoleInfoPopup/Panel/Scroll View/Viewport/Content/RoleInfo1/Pro/Atk/ProName
11097,生命：,RoleInfoPopup/Panel/Scroll View/Viewport/Content/RoleInfo1/Pro/Hp/ProName
11098,防御：,RoleInfoPopup/Panel/Scroll View/Viewport/Content/RoleInfo1/Pro/PhyDef/ProName
11099,先手：,RoleInfoPopup/Panel/Scroll View/Viewport/Content/RoleInfo1/Pro/Speed/ProName
11100,魔抗：,RoleInfoPopup/Panel/Scroll View/Viewport/Content/RoleInfo1/Pro/MagDef/ProName
11101,能力,RoleInfoPopup/Panel/Scroll View/Viewport/Content/WarWayInfo/Name/Title
11102,暂时没有套装激活,RoleInfoPopup/Panel/Scroll View/Viewport/Content/MedalInfo/suit1
11103, 天赋,RoleInfoPopup/Panel/Scroll View/Viewport/Content/TalentInfo/Name/Title
11104,初级能力,SkillMethodHandbookPopup/bg/Tab/LvTab1/title (1)
11105,中级能力,SkillMethodHandbookPopup/bg/Tab/LvTab2/title (1)
11106,高级能力,SkillMethodHandbookPopup/bg/Tab/LvTab3/title (1)
11107,终极能力,SkillMethodHandbookPopup/bg/Tab/LvTab4/title (1)
11108,需要：,SkillMethodLearnPopup/bg/LearnPart/text
11109,学习,SkillMethodLearnPopup/bg/LearnPart/LearnBtn/Text
11110,能力升级,SkillMethodUpLvPopup/bg/title
11111,当前能力,SkillMethodUpLvPopup/bg/Text
11112,升级消耗,SkillMethodUpLvPopup/bg/Text (2)
11113,遗忘,SkillMethodUpLvPopup/bg/ForgetBtn/Text
11114,完成全部任务即可领取五星英雄关羽,SupremeHeroPopup/Panel/Middle/Text
11115,未完成,SupremeHeroPopup/Panel/Middle/DoneBtn/Text
11116,未达成,TrialRewardPopup/Panel/Scroll/Pre/GoBtn/Text
11117,我要变强,GiveMePowerPanel/bg/Text
11118,当前英雄：,GiveMePowerPanel/content/hero/curHero/lab
11119,评分/推荐评分,GiveMePowerPanel/content/hero/curHero/progress/lab
11120,收起,GiveMePowerPanel/content/other/ResItem1/content/dealBtn/Text
11121,新手推荐,GiveMePowerPanel/content/other/rmdItem/content/title
11122,战术分析,GiveMePowerPanel/content/other/rmdItem/childbox/Text
11123,核心英雄：,GiveMePowerPanel/content/other/rmdItem/childbox/name/title
11124,推荐战术：,GiveMePowerPanel/content/other/rmdItem/childbox/content/title
11125,阵容推荐,LineupRecommend/Bg/Text
11126,阵容策略,LineupRecommend/Scroll View/Viewport/Content/prefab/descPanel/Text
11127,阵容简介：,LineupRecommend/Scroll View/Viewport/Content/prefab/descPanel/describe
11128,收集进度：,LineupRecommend/Scroll View/Viewport/Content/prefab/descPanel/progress
11129,BOSS<color=#ff9900>战</color>力,PVEActivityPanel/bg/panels/panel1/bg/cardbg/power/Text
11130,关卡,PVEActivityPanel/bg/panels/panel1/bg/Image/Text
11131,本关禁用,PVEActivityPanel/bg/panels/panel1/grid/disable/disable/Text
11132,三星条件,PVEActivityPanel/bg/panels/panel1/grid/task/Image/Text
11133,上阵加成,PVEActivityPanel/bg/panels/panel1/grid/add/Image/Text
11134,剩余挑战次数,PVEActivityPanel/bg/panels/panel1/count
11135,*当日购买次数越多，价格越高*,QuickPurchasePanel/Panel/bg/commonPart/costTips
11136,今日购买剩余次,QuickPurchasePanel/Panel/bg/specialPart/remainBuyTimes
11137,点击空白处关闭界面,QuickPurchasePanel/Panel/bg/coinPart/bg_gold/Text
11138,免费赞助,QuickPurchasePanel/Panel/bg/coinPart/Panel/Get1/Text
11139,免费,QuickPurchasePanel/Panel/bg/coinPart/Panel/Get1/Btn/Text
11140,高级赞助,QuickPurchasePanel/Panel/bg/coinPart/Panel/Get2/Text
11141,顶级赞助,QuickPurchasePanel/Panel/bg/coinPart/Panel/Get3/Text
11142,本服排行,RankingListMainPanel/bg/TabBox/tab/Text
11143,玩家名称,RankingSingleListPanel/title/Text (1)
11144,部分奖励,ReconnaissancePanel/award/Text
11145,勘探一次,ReconnaissancePanel/Btns/Btn1/Bg/Info
11146,勘探十次,ReconnaissancePanel/Btns/Btn10/Bg/Info
11147,优先使用地图,ReconnaissancePanel/HelpBtn/Text
11148,探索记录,ReconnaissanceRecord/Text
11149,勘察记录,ReconnaissanceRecord/textShow
11150,个人探索记录,ReconnaissanceRecord/upTitle
11151,全服探索记录,ReconnaissanceRecord/downTitle
11152,4星英雄,HeroPreviewPanel/bg/starScroll/Viewport/grid/star4num/Image/Text
11153,3星英雄,HeroPreviewPanel/bg/starScroll/Viewport/grid/star3num/Image/Text
11154,2星英雄,HeroPreviewPanel/bg/starScroll/Viewport/grid/star2num/Image/Text
11155,1星英雄,HeroPreviewPanel/bg/starScroll/Viewport/grid/star1num/Image/Text
11156,秩序混沌,HeroPreviewPanel/bg/campScroll/Viewport/grid/1/Image/Text
11157,招募2-5星英雄,RecruitPanel/UI/Panel/Content/Pre/Text
11158,十抽,RecruitPanel/UI/Panel/Content/Pre/chooseText
11159,今日招募上限：,RecruitPanel/UI/Upper/Text
11160,积分奖励,RecruitPanel/UI/rewardBox/content/Text
11161,一键跳过,SingleRecruitPanel/bg/choukaUI_huode/hero/UI/top/jumpBtn/Text
11162,点击屏幕查看下一英雄,SingleRecruitPanel/bg/choukaUI_huode/botoom/Text
11163,再来一次,SingleRecruitPanel/bg/choukaUI_huode/againBtn/Text
11164,再来十次,TenRecruitPanel/UI/bottom/againBtn/Text
11165,可遣散英雄:,ResolvePanel/Panel/Content/Resolve_Dismantle/recycleText
11166,一键遣散,ResolvePanel/Panel/Content/Resolve_Dismantle/btns/ConfirmAllBtn/Image/Text
11167,快速选择,ResolvePanel/Panel/Content/Resolve_Dismantle/btns/selectBtn/Image/Text
11168,遣散,ResolvePanel/Panel/Content/Resolve_Dismantle/btns/ConfirmBtn/Image/Text
11169,暂无可遣散的英雄,ResolvePanel/Panel/Content/Resolve_Dismantle/Empty/Text
11170,先选择碎片再选择数量,ResolvePanel/Panel/Content/Resolve_Debris/Text
11171,回收,ResolvePanel/Panel/Content/Resolve_Debris/ConfirmBtn/Image/Text
11172,没有可回收的碎片,ResolvePanel/Panel/Content/Resolve_Debris/Empty/Text
11173,可在以下奖励中选择一种,RewardBoxPanel/bg/topBar/tip
11174,确 定,RewardBoxPanel/bg/bottomBar/slider/btnSure/Text
11175,全部评论,CommentPanel/bg/Bg/Text
11176,最新,CommentPanel/bg/switchBtn/Text
11177,我的评论,CommentPanel/bg/myComment/Text
11178,点赞数,EvaluateTankPopup/grid/recordPer/name/text (1)
11179,攻击加成：,EvaluateTankPopup/grid/ver/recordPer/Mask/proPre1/pro1/proName
11180,攻击： ,EvaluateTankPopup/grid/ver/recordPer/Mask/proPre1/pro2/proName
11181,请输入讨论内容...,EvaluateTankPopup/grid/comment/InputField/Placeholder
11182,未获得此坦克,EvaluateTankPopup/grid/comment/notObtained/Mask/proPre1/pro1/proName
11183,讨论,EvaluateTankPopup/grid/comment/name
11184,暂无讨论,EvaluateTankPopup/grid/NoneImage/Text
11185,先手:,GeneralInfoPanel/pro/Speed/proName
11186,生命加成:,GeneralInfoPanel/pro/PhyDef/proName
11187,攻击加成:,GeneralInfoPanel/pro/ActPef/proName
11188,阶级.,GeneralInfoPanel/rolePanel/layout/roleSkillLayout/pro/lv/proName
11189,生命加成：,GeneralInfoPanel/rolePanel/layout/roleSkillLayout/pro/hp/proName
11190,与该组织签订契约可为我方<color=#FFD12B>机械系英雄</color>提供属性加成,GeneralInfoPanel/rolePanel/layout/roleInfolockLayout/infoBg/infoRect/infoText
11191,进阶,GeneralInfoPanel/rolePanel/btnList/btnAdvanced/Text
11192,进阶预览,GenerlProInfoPopup/grid/ver/recordPer/name/text
11193,攻击加成： ,GenerlProInfoPopup/grid/recordPer/Mask/proPre1/pro2/proName
11194,先手： ,GenerlProInfoPopup/grid/recordPer/Mask/proPre2/proName
11195,契约,HeroMainPanel/TabBox/contract/Image/Text
11196,英雄,HeroMainPanel/TabBox/mask/Image/Text
11197,星级,HeroMainPanel/subPanel/RoleListPanel/ShaiXuanBtn/Qu
11198,布阵,HeroMainPanel/subPanel/RoleListPanel/formationBtn/Text
11199,初始,HeroMainPanel/subPanel/HandBookHeroPanel/bg/Button_Base/Text
11200,满级,HeroMainPanel/subPanel/HandBookHeroPanel/bg/Button_Senior/Text
11201,-当前装备-,RoleEquipChangePopup/Bg/btns/curEquipText
11202,升级要求,RoleInfoPanel/rolePanel/layout/roleInfoLayout/upLv/Image/Text
11203,提升英雄等级上限,RoleInfoPanel/rolePanel/layout/roleInfoLayout/upLv/tip
11204,已达到最高等级,RoleInfoPanel/rolePanel/layout/roleInfoLayout/maxLv/Text
11205,锁定,RoleInfoPanel/rolePanel/layout/roleInfoLayout/LockingBtn/Text
11206,升星,RoleInfoPanel/rolePanel/layout/roleUpStarLayout/upStar/bg/titleBg/Text
11207,等级上限：,RoleInfoPanel/rolePanel/layout/roleUpStarLayout/upStar/upInfoGrid/upInfoPro1/Info/title
11208,等级：,RoleInfoPanel/rolePanel/layout/roleUpStarLayout/upStar/pro/lv/proName
11209,物防：,RoleInfoPanel/rolePanel/layout/roleUpStarLayout/upStar/pro/phyDef/proName
11210,管理,RoleInfoPanel/rolePanel/layout/roleChipLayout/btnList/manageBtn/Text
11211,获取,RoleInfoPanel/rolePanel/layout/roleChipLayout/btnList/gainBtn/Text
11212,战斗芯片,RoleInfoPanel/rolePanel/layout/roleChipLayout/chipGrid/chip1/haveChip/name
11213,无套装,RoleInfoPanel/rolePanel/layout/roleChipLayout/noSuit/suitName
11214,超频,RoleInfoPanel/rolePanel/layout/LeftBtn/btnList/btnOverclock/Text
11215,旗阵,RoleInfoPanel/rolePanel/layout/LeftBtn/btnList/btnFlagArr/Text
11216,属性,RoleInfoPanel/rolePanel/btnList/btnInfo/name
11217,培养,RoleInfoPanel/rolePanel/btnList/btnCulture/name
11218,特殊属性,RoleProInfoPopup/grid/ver/recordPer (2)/name/text
11219,争霸属性,RoleProInfoPopup/grid/ver/recordPer (4)/name/text
11220,加成,RoleProInfoPopup/grid/ver/recordPer (3)/name/text
11221,国    战,RoleProInfoPopup/grid/ver/recordPer (4)-OLD/name/text
11222,加    成,RoleProInfoPopup/grid/ver/recordPer (3)-OLD/name/text
11223,详情属性,RoleProInfoPopup/bg/name/text
11224,等级上限,RoleRankUpConfirmPopup/BG/ProChange/LvMax/name
11225,技能解锁,RoleRankUpConfirmPopup/BG/OpenSkill/skill/title
11226,没有技能解锁,RoleRankUpConfirmPopup/BG/OpenSkill/NoSkill/title (1)
11227,等级上限扩展到60级,RoleUpLvBreakSuccessPanel/proInfo/lvEndText
11228,一键放入,RoleUpStarListPanel/bg/btnAutoSelect/Text
11229,无可选英雄,RoleUpStarListPanel/bg/goBtn/no/Text
11230,请前往获取,RoleUpStarListPanel/bg/goBtn/no/Text
11231,属性提升,RoleUpStarSuccessPanel/proInfo/Text
11232,技能提升,RoleUpStarSuccessPanel/skillGroup/Text
11233,再来1次     ×1,SecretBoxBuyOnePanel/content/bottom/openOneAgainButton/Content1/Text
11234,额外赠送1点盲盒积分,SecretBoxBuyOnePanel/content/bottom/openOneAgainButton/Content1/Tip/contentDetailText
11235,再来1次,SecretBoxBuyOnePanel/content/bottom/openOneAgainButton/Content2/Text
11236,再来10次,SecretBoxBuyTenPanel/bottom/openTenAgainButton/Content1/Text
11237,赠送10个盲盒积分,SecretBoxBuyTenPanel/bottom/openTenAgainButton/Content3/icon/Tip/contentDetailText
11238,兑换码,CDKeyExchangePanel/frame/bg/title
11239,请输入兑换码,CDKeyExchangePanel/frame/bg/CdKeyInput/Placeholder
11240,礼包兑换成功后将通过邮件发放，请注意查收哦,CDKeyExchangePanel/frame/bg/tips
11241,兑换,CDKeyExchangePanel/frame/bg/confirmBtn/Text
11242,头像,HeadChangePopup/top/tab/default
11243,默认头像,HeadChangePopup/headPre/name
11244,使用中,HeadChangePopup/select/using/Text
11245,服务器名：,SettingPanel/layout/settingInfo/playerInfo/server
11246,展示VIP,SettingPanel/layout/settingInfo/playerInfo/showVip/Text
11247,展示,SettingPanel/layout/settingInfo/playerInfo/showVip/yes/Text
11248,隐藏,SettingPanel/layout/settingInfo/playerInfo/showVip/no/Text
11249,中文,SettingPanel/layout/settingInfo/setting/multiLanguage/Label
11250,账户关联,SettingPanel/layout/settingInfo/btn/relation/Text
11251,客服中心,SettingPanel/layout/settingInfo/btn/customerService/Text
11252,账号注销,SettingPanel/layout/settingInfo/btn/accountCancellation/Text
11253,绑定账号,SettingPanel/layout/settingInfo/btn/bind/Text
11254,社区,SettingPanel/layout/settingInfo/btn/community/Text
11255,福利领取,SevenDayCarnivalPanelV2/bg/TabBox/tab/select/Text
11256,原价:,SevenDayCarnivalPanelV2/bg/rewardPro/content/current/buyBtn/progress/Text (1)
11257,神秘商人有特价道具呦~,MainShopPanel/bg/titleUp/Text
11258,7折,MainShopPanel/bg/topBg/backBg/item/bg/Text
11259,基础商城,MainShopPanel/bottom/tab/select/Text
11260,兑换商店,MapShopPanel/bg/Text
11261,购买数量:,ShopBuyPopup/tipImage/item/num/txt
11262,单价：,ShopBuyPopup/tipImage/cost/Text
11263,签 到 有 礼,SignInDays/bg/Text
11264,签到,SignInDays/bg/TabBox/tab/Text
11265,改良,SupportImprovePanel/Bg/Title
11266,使用,SupportImprovePanel/SureBtn/Text
11267,已使用:,SupportImprovePanel/UsedTimes
11268,点击未完成任务可快速前往,SupportPanel/Info/tip/Text
11269,全部形态,SupportPanel/Info/AllUnit/Text
11270,解锁进度,SupportPanel/activatePart/progressBar/Text
11271,去闯关,SupportPanel/activatePart/activateFight/btnLvUp/Text
11272,提升所有守护基础属性,SupportPanel/trainningPart/UpLevelPart/title/Text
11273,一键升级,SupportPanel/trainningPart/UpLevelPart/autoUpLv/Text
11274,改装加成,SupportPanel/trainningPart/ModifyPart/RemouldPropertys/title/Text
11275,改装,SupportPanel/trainningPart/ModifyPart/ModifyBtn/Text
11276,战力收益加成,SupportPanel/Image/topPart/stateRoot/curState/level/Text
11277,激活特权,SupportPanel/Image/topPart/stateRoot/curState/title/Text
11278,将获得以下特权,SupportPanel/Image/topPart/stateRoot/curState/title/TextBehind
11279,提 升,SupportPanel/Image/topPart/stateRoot/lvUp/btnLvUp/Text
11280,领 取,SupportPanel/Image/topPart/btnGet/Text
11281,特权描述,SupportPanel/Image/topPart/privilegeRoot/title
11282,特权等级已达上限,SupportPanel/Image/maxLv
11283,当前等级,SupportPanel/Image/btnTip/vipTip
11284,守护核心,SupportPanel/Image/core/Text
11285,更换守护,SupportSelectPanel/Bg/Title
11286,切换特性,TalentSwitchPopup/BG/Text
11287,激 活,TalentSwitchPopup/lvUpBtn/Text
11288,剩余,ThousandDrawPanel/bg/number/Text
11289,抽,ThousandDrawPanel/bg/number/Text
11290,英雄信息,ThousandDrawPanel/bg/grid/card1/btnInfo
11291,火控系统列表,ToTemListPopup/bg/title
11292,装备火控系统可获得强力效果,ToTemListPopup/bg/tips
11293,已拥有火控系统,ToTemListPopup/upPart/upTitle/text
11294,未拥有火控系统,ToTemListPopup/downPart/downTitle/text
11295,装配中,ToTemListPopup/item/wear/hero/wearState
11296,前往获取,ToTemListPopup/getTotemBtn/text
11297,类型:,ToTemParticularsPopup/bg/describe/type
11298,等级:,ToTemParticularsPopup/bg/describe/level
11299,品级:,ToTemParticularsPopup/bg/describe/quality
11300,四件激活,ToTemParticularsPopup/bg/suit/icon1/activate
11301,调校,ToTemParticularsPopup/bg/Btns/TeachBtn/text
11302,图鉴,ToTemUpLvPopup/bg/title
11303,品质:,ToTemUpLvPopup/bg/lvDescribe/quality
11304,装备属性,ToTemUpLvPopup/bg/properties/nameTip
11305,图鉴效果,ToTemUpLvPopup/bg/skillResult/nameTip
11306,即将获得,ToTemUpLvPopup/bg/skillResult/skill1/willGet/Text
11307,11星养成礼,UpGradePackagePanel/show/11xing/Image/Text
11308,5星养成礼,UpGradePackagePanel/show/5xing/Image (1)/Text
11309,原价,ValuePackPanel/Bg/prefab/curPrice
11310,今日已售罄,ValuePackPanel/Bg/sellOut/Text
11311,主城,BtView/Down/btnMainCity/Text
11312,背包,BtView/Down/btnCangKu/Text
11313,试练,BtView/Down/btnCarbon/Text
11314,外援,BtView/Down/btnTeQuan/Text
11315,金钱,GuideTaskView/button/RewardContent/ItemView/name
11316,进度：,GuideTaskView/button/Slider/Text_Progress/Text
11317,首充赠,ShopView/scrollbg/scrollroot/rechargeShopItem/first/Image/num/Image/Text
11318,限购,ShopView/scrollbg/scrollroot/shopItem/bg/buyLimitbg/tip
11319,次,ShopView/scrollbg/scrollroot/blackItem/bg/buyLimitbg/tip (1)
11320,距离商人离开：,ShopView/base/closeTime/timelab
11321,免费次数,ShopView/base/refreshInfo/refreshCount/tip
11322,能力领悟,WarWayComprehendPopup/bg/bg/Text
11323,消耗,WarWayComprehendPopup/bg/CostPart/text
11324,能力已升到最大等级,WarWayLevelUpPopup/bg/Top/Text
11325,技 能,XiaoyaoHeroGetPopup/Panel/RoleInfo/skillName/Text
11326,购 买,XiaoyaoHeroGetPopup/Panel/buyPanel/buy/Text
11327,探索中...,XiaoYaoMapPanel/scroll/mapParent/TT/youli
11328,检测更新游戏资源...,UpdatePanel/Canvas/HighLayer/Slider/LoadingText
,,1
,,1
,,1
,,1
,,1
,,1
,,1
,,1
,,1
,,1
,,1
,,1
,,1
,,1
,,1
,,1
,,1
,,1
,,1
,,1
,,1
,,1
,,1
,,1
,,1
,,1
,,1
,,1
,,1
,,1
,,1
,,1
,,1
,,1
,,1
,,1
,,1
,,1
,,1
,,1
,,1
,,1
,,1
,,1
,,1
,,1
,,1
,,1
,,1
,,1
,,1
,,1
,,1
,,1
,,1
,,1
,,1
,,1
,,1
,,1
,,1
,,1
,,1
,,1
,,1
,,1
,,1
,,1
,,1
,,1
,,1
,,1
,,1
,,1
,,1
,,1
,,1
,,1
,,1
,,1
,,1
,,1
,,1
,,1
,,1
,,1
,,1
,,1
,,1
,,1
,,1
,,1
,,1
,,1
,,1
,,1
,,1
,,1
,,1
,,1
,,1
,,1
,,1
,,1
,,1
,,1
,,1
,,1
,,1
,,1
,,1
,,1
,,1
,,1
,,1
,,1
,,1
,,1
,,1
,,1
,,1
,,1
,,1
,,1
,,1
,,1
,,1
,,1
,,1
,,1
,,1
,,1
,,1
,,1
,,1
,,1
,,1
,,1
,,1
,,1
,,1
,,1
,,1
,,1
,,1
,,1
,,1
,,1
,,1
,,1
,,1
,,1
,,1
,,1
,,1
,,1
,,1
,,1
,,1
,,1
,,1
,,1
,,1
,,1
,,1
,,1
,,1
,,1
,,1
,,1
,,1
,,1
,,1
,,1
,,1
,,1
,,1
,,1
,,1
,,1
,,1
,,1
,,1
,,1
,,1
,,1
,,1
,,1
,,1
,,1
,,1
,,1
,,1
,,1
,,1
,,1
,,1
,,1
,,1
,,1
,,1
,,1
,,1
,,1
,,1
,,1
,,1
,,1
,,1
,,1
,,1
